Type,Units,Time,Velocity,Barometric Pressure,Temperature,Humidity,Dynamic Pressure,Model Pressure,PGB Axial,PGB Normal,PGB Moment,Pitch Angle,cDAQ1Mod1/ai3
Type,US / Metric,Time,MPH / m/s,PSI / Pascals,F / C,% / %,In.H20 / Pascals,In.H20 / Pascals,lbf / N,lbf / N,in.lb / Nm,Deg / Deg, / 
Mult,US,241016 08:35:58.801280,50.510413,14,69.2,54,1.166639,-0.000798,-2.294185,-20.492229,-7.072977,0.001825,0.025002
Mult,US,241016 08:35:58.901100,50.612343,14,69.2,54,1.171352,-0.000982,-2.297155,-20.496771,-7.073844,0.000232,0.025002
Mult,US,241016 08:35:59.000920,50.721044,14,69.2,54,1.176389,-0.00091,-2.302227,-20.507106,-7.082632,-0.002672,0.025002
Mult,US,241016 08:35:59.100740,50.800599,14,69.2,54,1.180082,-0.000362,-2.303732,-20.508089,-7.070526,-0.005747,0.025002
Mult,US,241016 08:35:59.200560,50.832638,14,69.2,54,1.181571,-0.000001,-2.303397,-20.503127,-7.051821,-0.007237,0.025002
Mult,US,241016 08:35:59.300380,50.824266,14,69.2,54,1.181182,0.000158,-2.302187,-20.495826,-7.032377,-0.004725,0.025002
Mult,US,241016 08:35:59.400200,50.756282,14,69.2,54,1.178024,-0.000239,-2.301052,-20.493521,-7.033699,0.002204,0.025002
Mult,US,241016 08:35:59.500020,50.613871,14,69.2,54,1.171423,-0.000489,-2.301042,-20.494412,-7.042285,0.012091,0.025002
Mult,US,241016 08:35:59.599840,50.396847,14,69.2,54,1.161399,-0.000651,-2.299931,-20.490968,-7.035266,0.01555,0.025002
Mult,US,241016 08:35:59.699660,50.185309,14,69.2,54,1.151669,-0.000666,-2.299602,-20.486679,-7.014299,0.010084,0.025002
Mult,US,241016 08:36:00.997320,50.497221,14,69.2,54,1.166029,-0.001011,-2.300326,-20.495849,-7.060462,0.001605,0.025002
Mult,US,241016 08:36:01.097140,50.579967,14,69.2,54,1.169854,-0.000826,-2.301711,-20.503909,-7.063687,0.00517,0.025002
Mult,US,241016 08:36:01.196960,50.642021,14,69.2,54,1.172726,-0.000923,-2.304244,-20.502885,-7.047949,0.004712,0.025002
Mult,US,241016 08:36:01.296780,50.641724,14,69.2,54,1.172712,-0.000983,-2.305895,-20.499656,-7.026425,0.003762,0.025002
Mult,US,241016 08:36:01.396600,50.564625,14,69.2,54,1.169144,-0.001255,-2.305199,-20.495889,-7.008731,0.00404,0.025002
Mult,US,241016 08:36:01.496420,50.460005,14,69.2,54,1.164311,-0.000927,-2.304176,-20.488693,-6.993697,0.005795,0.025002
Mult,US,241016 08:36:01.596240,50.390234,14,69.2,54,1.161094,-0.000055,-2.301809,-20.484058,-6.997503,0.006539,0.025002
Mult,US,241016 08:36:01.696060,50.391002,14,69.2,54,1.161129,0.000905,-2.302345,-20.481474,-7.013259,0.005206,0.025002
Mult,US,241016 08:36:01.795880,50.45346,14,69.2,54,1.164009,0.001539,-2.302383,-20.482291,-7.029236,0.003613,0.025002
Mult,US,241016 08:36:01.895700,50.533862,14,69.2,54,1.167722,0.001287,-2.303444,-20.480158,-7.022678,0.000225,0.025002
Mult,US,241016 08:36:03.193360,50.517507,14,69.2,54,1.166966,-0.001322,-2.305668,-20.485025,-7.036124,-0.003863,0.025002
Mult,US,241016 08:36:03.293180,50.573116,14,69.2,54,1.169537,-0.001199,-2.308437,-20.486962,-7.039254,-0.006977,0.025002
Mult,US,241016 08:36:03.393000,50.631871,14,69.2,54,1.172256,-0.00089,-2.30751,-20.492888,-7.046554,-0.007321,0.025002
Mult,US,241016 08:36:03.492820,50.697415,14,69.2,54,1.175293,-0.000784,-2.305094,-20.497171,-7.056336,-0.003242,0.025002
Mult,US,241016 08:36:03.592640,50.767056,14,69.2,54,1.178524,-0.000835,-2.303439,-20.502235,-7.073046,0.001201,0.025002
Mult,US,241016 08:36:03.692460,50.823392,14,69.2,54,1.181141,-0.001141,-2.303041,-20.498927,-7.071417,0.005212,0.025002
Mult,US,241016 08:36:03.792280,50.842256,14,69.2,54,1.182018,-0.001229,-2.304863,-20.48927,-7.053567,0.00536,0.025002
Mult,US,241016 08:36:03.892100,50.814441,14,69.2,54,1.180725,-0.001107,-2.30577,-20.483941,-7.044031,-0.000775,0.025002
Mult,US,241016 08:36:03.991920,50.751426,14,69.2,54,1.177799,-0.000761,-2.308166,-20.485303,-7.047605,-0.003645,0.025002
Mult,US,241016 08:36:04.091740,50.669437,14,69.2,54,1.173996,-0.000295,-2.308796,-20.489857,-7.055558,-0.008681,0.025002
Mult,US,241016 08:36:05.389400,50.371495,14,69.2,54,1.16023,0.000754,-2.303348,-20.497878,-7.055438,-0.012555,0.025002
Mult,US,241016 08:36:05.489220,50.205903,14,69.2,54,1.152615,0.001091,-2.302585,-20.50116,-7.081342,-0.006589,0.025002
Mult,US,241016 08:36:05.589040,50.102331,14,69.2,54,1.147864,0.001338,-2.301294,-20.493504,-7.069112,0.001665,0.025002
Mult,US,241016 08:36:05.688860,50.106731,14,69.2,54,1.148066,0.001383,-2.29889,-20.480444,-7.039031,0.011702,0.025002
Mult,US,241016 08:36:05.788680,50.208111,14,69.2,54,1.152716,0.001025,-2.298271,-20.466504,-6.9901,0.015544,0.025002
Mult,US,241016 08:36:05.888500,50.333436,14,69.2,54,1.158478,0.000661,-2.298693,-20.462384,-6.965499,0.013092,0.025002
Mult,US,241016 08:36:05.988320,50.434716,14,69.2,54,1.163145,0.000464,-2.300834,-20.463052,-6.946384,0.005407,0.025002
Mult,US,241016 08:36:06.088140,50.493052,14,69.2,54,1.165837,0.000206,-2.305847,-20.473512,-6.96852,0.00211,0.025002
Mult,US,241016 08:36:06.187960,50.520589,14,69.2,54,1.167109,0.000077,-2.310015,-20.479809,-6.990399,0.002831,0.025002
Mult,US,241016 08:36:06.287780,50.520028,14,69.2,54,1.167083,-0.000259,-2.311162,-20.475759,-6.997384,0.003376,0.025002
Mult,US,241016 08:36:07.585440,50.736381,14,69.2,54,1.1771,0.000308,-2.295088,-20.474669,-6.99545,0.001395,0.025002
Mult,US,241016 08:36:07.685260,50.448751,14,69.2,54,1.163792,0.00037,-2.298576,-20.476955,-6.986212,0.001993,0.025002
Mult,US,241016 08:36:07.785080,50.271848,14,69.2,54,1.155645,0.00021,-2.301067,-20.478983,-6.976864,0.004299,0.025002
Mult,US,241016 08:36:07.884900,50.270394,14,69.2,54,1.155578,-0.000075,-2.302253,-20.478623,-6.973138,0.00559,0.025002
Mult,US,241016 08:36:07.984720,50.397879,14,69.2,54,1.161446,-0.0002,-2.301185,-20.477092,-6.980761,0.00681,0.025002
Mult,US,241016 08:36:08.084540,50.532567,14,69.2,54,1.167662,-0.00023,-2.298517,-20.470761,-6.974015,0.003737,0.025002
Mult,US,241016 08:36:08.184360,50.599655,14,69.2,54,1.170765,-0.00026,-2.297828,-20.47228,-6.979965,0.002307,0.025002
Mult,US,241016 08:36:08.284180,50.573566,14,69.2,54,1.169558,-0.000448,-2.298427,-20.482286,-6.994335,0.001643,0.025002
Mult,US,241016 08:36:08.384000,50.504441,14,69.2,54,1.166363,-0.00067,-2.300186,-20.494837,-7.024771,0.006551,0.025002
Mult,US,241016 08:36:08.483820,50.452451,14,69.2,54,1.163963,-0.000684,-2.30277,-20.502842,-7.054752,0.010042,0.025002
Mult,US,241016 08:36:09.681660,50.786941,14,69.2,54,1.179448,-0.000551,-2.303302,-20.476713,-7.023531,0.001443,0.025002
Mult,US,241016 08:36:09.781480,50.667893,14,69.2,54,1.173925,-0.000743,-2.302878,-20.473878,-7.010053,-0.000338,0.025002
Mult,US,241016 08:36:09.881300,50.566861,14,69.2,54,1.169248,-0.000659,-2.30151,-20.468668,-6.993115,-0.001472,0.025002
Mult,US,241016 08:36:09.981120,50.546716,14,69.2,54,1.168316,-0.000439,-2.302076,-20.466315,-6.979601,-0.00367,0.025002
Mult,US,241016 08:36:10.080940,50.637069,14,69.2,54,1.172497,-0.000446,-2.30447,-20.470504,-6.988876,-0.004585,0.025002
Mult,US,241016 08:36:10.180760,50.788529,14,69.2,54,1.179521,-0.000498,-2.308248,-20.480379,-7.018878,-0.002823,0.025002
Mult,US,241016 08:36:10.280580,50.900522,14,69.2,54,1.184729,-0.000603,-2.308873,-20.483133,-7.029718,-0.001871,0.025002
Mult,US,241016 08:36:10.380400,50.908432,14,69.2,54,1.185097,-0.000615,-2.308511,-20.487901,-7.043497,0.00148,0.025002
Mult,US,241016 08:36:10.480220,50.800671,14,69.2,54,1.180085,-0.000531,-2.306895,-20.493512,-7.051169,0.00368,0.025002
Mult,US,241016 08:36:10.580040,50.63842,14,69.2,54,1.172559,-0.000563,-2.304771,-20.491672,-7.046012,0.004594,0.025002
Mult,US,241016 08:36:11.777880,50.490811,14,69.2,54,1.165733,-0.000427,-2.305687,-20.502292,-7.047306,-0.001686,0.025002
Mult,US,241016 08:36:11.877700,50.322055,14,69.2,54,1.157954,0.000224,-2.306066,-20.494703,-7.028183,-0.002882,0.025002
Mult,US,241016 08:36:11.977520,50.139199,14,69.2,54,1.149554,0.000387,-2.304934,-20.482205,-7.009401,-0.002379,0.025002
Mult,US,241016 08:36:12.077340,50.023333,14,69.2,54,1.144247,0.000331,-2.304886,-20.473007,-6.997639,0.000259,0.025002
Mult,US,241016 08:36:12.177160,50.035213,14,69.2,54,1.144791,0.000092,-2.303316,-20.471578,-6.996935,0.000126,0.025002
Mult,US,241016 08:36:12.276980,50.197725,14,69.2,54,1.152239,0.000083,-2.303382,-20.482378,-7.018024,0.001875,0.025002
Mult,US,241016 08:36:12.376800,50.422295,14,69.2,54,1.162572,0.00004,-2.302895,-20.494868,-7.047552,0.000767,0.025002
Mult,US,241016 08:36:12.476620,50.601833,14,69.2,54,1.170866,-0.00019,-2.302354,-20.505828,-7.079758,0.000935,0.025002
Mult,US,241016 08:36:12.576440,50.675142,14,69.2,54,1.174261,-0.00042,-2.301413,-20.507747,-7.090709,-0.001141,0.025002
Mult,US,241016 08:36:12.676260,50.649665,14,69.2,54,1.17308,-0.000634,-2.30205,-20.507533,-7.08729,-0.000797,0.025002
Mult,US,241016 08:36:13.973920,50.732758,14,69.2,54,1.176932,-0.000058,-2.301895,-20.486825,-7.022219,0.007583,0.025002
Mult,US,241016 08:36:14.073740,50.567174,14,69.2,54,1.169262,-0.000317,-2.300853,-20.492572,-7.048809,0.005338,0.025002
Mult,US,241016 08:36:14.173560,50.348271,14,69.2,54,1.159161,-0.000833,-2.300241,-20.493914,-7.066853,0.005713,0.025002
Mult,US,241016 08:36:14.273380,50.168201,14,69.2,54,1.150884,-0.001454,-2.300745,-20.492487,-7.073276,0.006017,0.025002
Mult,US,241016 08:36:14.373200,50.086691,14,69.2,54,1.147147,-0.001543,-2.300114,-20.489081,-7.065271,0.008345,0.025002
Mult,US,241016 08:36:14.473020,50.106104,14,69.2,54,1.148037,-0.001174,-2.301079,-20.489263,-7.064856,0.007432,0.025002
Mult,US,241016 08:36:14.572840,50.174775,14,69.2,54,1.151186,-0.000582,-2.303653,-20.490983,-7.059359,0.008128,0.025002
Mult,US,241016 08:36:14.672660,50.250166,14,69.2,54,1.154648,-0.000059,-2.30798,-20.491965,-7.052673,0.010827,0.025002
Mult,US,241016 08:36:14.772480,50.312395,14,69.2,54,1.157509,0.000198,-2.310501,-20.49497,-7.056365,0.014054,0.025002
Mult,US,241016 08:36:14.872300,50.356754,14,69.2,54,1.159551,-0.000011,-2.309226,-20.493915,-7.060447,0.015364,0.025002
Mult,US,241016 08:36:16.169960,50.13763,14,69.2,54,1.149482,-0.000981,-2.295825,-20.476395,-7.025582,0.007801,0.025002
Mult,US,241016 08:36:16.269780,50.140378,14,69.2,54,1.149608,-0.000705,-2.296511,-20.484337,-7.038649,0.007996,0.025002
Mult,US,241016 08:36:16.369600,50.132099,14,69.2,54,1.149228,-0.000367,-2.297533,-20.490593,-7.049631,0.012533,0.025002
Mult,US,241016 08:36:16.469420,50.132434,14,69.2,54,1.149244,-0.00013,-2.298877,-20.496751,-7.062224,0.013369,0.025002
Mult,US,241016 08:36:16.569240,50.151902,14,69.2,54,1.150136,0.000278,-2.300433,-20.495989,-7.060876,0.014986,0.025002
Mult,US,241016 08:36:16.669060,50.193321,14,69.2,54,1.152037,0.000363,-2.301657,-20.495219,-7.061166,0.01259,0.025002
Mult,US,241016 08:36:16.768880,50.250379,14,69.2,54,1.154658,0.000371,-2.305433,-20.489434,-7.041864,0.009065,0.025002
Mult,US,241016 08:36:16.868700,50.323313,14,69.2,54,1.158012,0.000023,-2.306988,-20.485399,-7.025415,0.005742,0.025002
Mult,US,241016 08:36:16.968520,50.40929,14,69.2,54,1.161972,-0.00016,-2.30761,-20.483321,-7.017429,0.001696,0.025002
Mult,US,241016 08:36:17.068340,50.497393,14,69.2,54,1.166037,-0.000426,-2.304404,-20.486241,-7.023331,0.001908,0.025002
Mult,US,241016 08:36:18.266180,50.338852,14,69.2,54,1.158727,-0.000955,-2.298525,-20.466488,-6.988267,0.008751,0.025002
Mult,US,241016 08:36:18.366000,50.354716,14,69.2,54,1.159458,-0.000809,-2.299905,-20.463281,-6.969417,0.004631,0.025002
Mult,US,241016 08:36:18.465820,50.233517,14,69.2,54,1.153883,-0.000709,-2.301589,-20.464015,-6.958291,0.003648,0.025002
Mult,US,241016 08:36:18.565640,50.059331,14,69.2,54,1.145895,-0.000436,-2.30201,-20.469483,-6.960257,0.006195,0.025002
Mult,US,241016 08:36:18.665460,49.906549,14,69.2,54,1.138911,-0.000361,-2.30168,-20.471479,-6.964448,0.013529,0.025002
Mult,US,241016 08:36:18.765280,49.810206,14,69.2,54,1.134518,-0.000567,-2.302752,-20.476222,-6.984599,0.016774,0.025002
Mult,US,241016 08:36:18.865100,49.761557,14,69.2,54,1.132303,-0.00102,-2.305465,-20.479066,-6.999356,0.014654,0.025002
Mult,US,241016 08:36:18.964920,49.762787,14,69.2,54,1.132358,-0.001507,-2.307205,-20.480879,-7.013753,0.010893,0.025002
Mult,US,241016 08:36:19.064740,49.826546,14,69.2,54,1.135262,-0.00167,-2.306713,-20.482725,-7.014796,0.008258,0.025002
Mult,US,241016 08:36:19.164560,49.960112,14,69.2,54,1.141357,-0.001521,-2.303691,-20.485634,-7.024459,0.004626,0.025002
Mult,US,241016 08:37:38.222000,50.599281,14,69.2,54,1.170748,-0.001452,-1.795991,-20.368414,-6.666435,-15.200536,0.025002
Mult,US,241016 08:37:38.321820,50.521496,14,69.2,54,1.167151,-0.000823,-1.796049,-20.374049,-6.680024,-15.203259,0.025002
Mult,US,241016 08:37:38.421640,50.457923,14,69.2,54,1.164215,-0.000316,-1.794807,-20.388748,-6.722276,-15.205803,0.025002
Mult,US,241016 08:37:38.521460,50.424907,14,69.2,54,1.162692,0.000157,-1.793365,-20.396021,-6.743409,-15.206938,0.025002
Mult,US,241016 08:37:38.621280,50.430319,14,69.2,54,1.162942,0.000421,-1.792195,-20.397931,-6.745021,-15.205628,0.025002
Mult,US,241016 08:37:38.721100,50.464496,14,69.2,54,1.164519,0.000382,-1.791513,-20.391228,-6.723342,-15.201273,0.025002
Mult,US,241016 08:37:38.820920,50.504311,14,69.2,54,1.166357,-0.000197,-1.790114,-20.386358,-6.710565,-15.199167,0.025002
Mult,US,241016 08:37:38.920740,50.534072,14,69.2,54,1.167732,-0.00099,-1.790596,-20.386535,-6.709893,-15.201711,0.025002
Mult,US,241016 08:37:39.020560,50.551563,14,69.2,54,1.16854,-0.001538,-1.791378,-20.389945,-6.717761,-15.209276,0.025002
Mult,US,241016 08:37:39.120380,50.56167,14,69.2,54,1.169008,-0.001618,-1.790589,-20.394469,-6.731063,-15.217543,0.025002
Mult,US,241016 08:37:40.318220,50.338442,14,69.2,54,1.158708,0.000088,-1.786155,-20.389044,-6.739267,-15.213326,0.025002
Mult,US,241016 08:37:40.418040,50.397898,14,69.2,54,1.161447,0.000242,-1.785654,-20.386536,-6.737677,-15.208781,0.025002
Mult,US,241016 08:37:40.517860,50.477687,14,69.2,54,1.165128,0.000447,-1.786615,-20.386339,-6.734111,-15.203073,0.025002
Mult,US,241016 08:37:40.617680,50.534503,14,69.2,54,1.167752,0.000601,-1.785821,-20.38743,-6.729117,-15.202074,0.025002
Mult,US,241016 08:37:40.717500,50.527288,14,69.2,54,1.167418,0.000269,-1.788031,-20.386806,-6.720718,-15.205045,0.025002
Mult,US,241016 08:37:40.817320,50.432371,14,69.2,54,1.163036,-0.000356,-1.788392,-20.388826,-6.723076,-15.208135,0.025002
Mult,US,241016 08:37:40.917140,50.288877,14,69.2,54,1.156428,-0.000877,-1.789031,-20.392394,-6.728963,-15.211176,0.025002
Mult,US,241016 08:37:41.016960,50.163071,14,69.2,54,1.150649,-0.000862,-1.787276,-20.397124,-6.737281,-15.212761,0.025002
Mult,US,241016 08:37:41.116780,50.097903,14,69.2,54,1.147661,-0.00049,-1.786933,-20.396056,-6.724588,-15.218944,0.025002
Mult,US,241016 08:37:41.216600,50.098289,14,69.2,54,1.147679,-0.000328,-1.788254,-20.391735,-6.704136,-15.222144,0.025002
Mult,US,241016 08:37:42.414440,50.647285,14,69.2,54,1.17297,-0.000757,-1.794092,-20.388889,-6.720016,-15.208639,0.025002
Mult,US,241016 08:37:42.514260,50.77963,14,69.2,54,1.179108,-0.000638,-1.788892,-20.400415,-6.748608,-15.213788,0.025002
Mult,US,241016 08:37:42.614080,50.87364,14,69.2,54,1.183478,-0.000589,-1.786807,-20.401453,-6.754241,-15.218358,0.025002
Mult,US,241016 08:37:42.713900,50.938786,14,69.2,54,1.186511,-0.000743,-1.785989,-20.4004,-6.758312,-15.219797,0.025002
Mult,US,241016 08:37:42.813720,50.968409,14,69.2,54,1.187891,-0.000761,-1.78613,-20.398312,-6.751427,-15.218042,0.025002
Mult,US,241016 08:37:42.913540,50.948284,14,69.2,54,1.186953,-0.000592,-1.7871,-20.397967,-6.748546,-15.21076,0.025002
Mult,US,241016 08:37:43.013360,50.874551,14,69.2,54,1.18352,-0.000296,-1.788182,-20.398175,-6.747793,-15.204728,0.025002
Mult,US,241016 08:37:43.113180,50.78097,14,69.2,54,1.17917,-0.000152,-1.788493,-20.396421,-6.756669,-15.199039,0.025002
Mult,US,241016 08:37:43.213000,50.703353,14,69.2,54,1.175568,-0.000054,-1.788852,-20.393372,-6.76445,-15.201456,0.025002
Mult,US,241016 08:37:43.312820,50.662833,14,69.2,54,1.17369,-0.000276,-1.788607,-20.389504,-6.7628,-15.20567,0.025002
Mult,US,241016 08:37:44.510660,50.35404,14,69.2,54,1.159426,-0.000084,-1.790302,-20.394168,-6.734982,-15.205797,0.025002
Mult,US,241016 08:37:44.610480,50.41497,14,69.2,54,1.162234,-0.000713,-1.788233,-20.398524,-6.754324,-15.204975,0.025002
Mult,US,241016 08:37:44.710300,50.511687,14,69.2,54,1.166698,-0.000929,-1.784583,-20.399747,-6.772762,-15.20826,0.025002
Mult,US,241016 08:37:44.810120,50.656836,14,69.2,54,1.173412,-0.000386,-1.782241,-20.399266,-6.790602,-15.213891,0.025002
Mult,US,241016 08:37:44.909940,50.820367,14,69.2,54,1.181001,0.000164,-1.785157,-20.396741,-6.786063,-15.213939,0.025002
Mult,US,241016 08:37:45.009760,50.944816,14,69.2,54,1.186792,0.0003,-1.790387,-20.394393,-6.772164,-15.207362,0.025002
Mult,US,241016 08:37:45.109580,50.997906,14,69.2,54,1.189267,0.000095,-1.795174,-20.397096,-6.753324,-15.201508,0.025002
Mult,US,241016 08:37:45.209400,50.979495,14,69.2,54,1.188408,-0.000007,-1.797758,-20.398834,-6.739187,-15.201421,0.025002
Mult,US,241016 08:37:45.309220,50.924147,14,69.2,54,1.185829,0.000125,-1.797547,-20.397694,-6.73039,-15.204778,0.025002
Mult,US,241016 08:37:45.409040,50.848174,14,69.2,54,1.182293,0.000266,-1.794413,-20.387553,-6.713041,-15.205351,0.025002
Mult,US,241016 08:37:46.606880,50.803978,14,69.2,54,1.180239,-0.001256,-1.785836,-20.404457,-6.766412,-15.212828,0.025002
Mult,US,241016 08:37:46.706700,50.864729,14,69.2,54,1.183063,-0.0014,-1.787083,-20.401951,-6.757633,-15.207161,0.025002
Mult,US,241016 08:37:46.806520,50.896936,14,69.2,54,1.184562,-0.001123,-1.786919,-20.398771,-6.749572,-15.204711,0.025002
Mult,US,241016 08:37:46.906340,50.915201,14,69.2,54,1.185412,-0.000887,-1.786339,-20.395197,-6.743939,-15.207243,0.025002
Mult,US,241016 08:37:47.006160,50.925758,14,69.2,54,1.185904,-0.00052,-1.786478,-20.393687,-6.743727,-15.207374,0.025002
Mult,US,241016 08:37:47.105980,50.917661,14,69.2,54,1.185527,-0.000292,-1.787416,-20.394863,-6.746185,-15.21118,0.025002
Mult,US,241016 08:37:47.205800,50.85154,14,69.2,54,1.18245,-0.000041,-1.786528,-20.397862,-6.757642,-15.21253,0.025002
Mult,US,241016 08:37:47.305620,50.702634,14,69.2,54,1.175535,0.000037,-1.787442,-20.398707,-6.760026,-15.216662,0.025002
Mult,US,241016 08:37:47.405440,50.475886,14,69.2,54,1.165044,-0.000249,-1.78914,-20.39394,-6.74971,-15.21274,0.025002
Mult,US,241016 08:37:47.505260,50.268214,14,69.2,54,1.155477,-0.000552,-1.790196,-20.391103,-6.736548,-15.209227,0.025002
Mult,US,241016 08:37:48.703100,50.571293,14,69.2,54,1.169453,-0.000328,-1.799733,-20.394989,-6.715485,-15.225287,0.025002
Mult,US,241016 08:37:48.802920,50.449738,14,69.2,54,1.163838,-0.00092,-1.795423,-20.391888,-6.718168,-15.227322,0.025002
Mult,US,241016 08:37:48.902740,50.301198,14,69.2,54,1.156994,-0.001424,-1.79161,-20.392951,-6.735202,-15.223721,0.025002
Mult,US,241016 08:37:49.002560,50.17779,14,69.2,54,1.151324,-0.001658,-1.788168,-20.393417,-6.74356,-15.213452,0.025002
Mult,US,241016 08:37:49.102380,50.116079,14,69.2,54,1.148494,-0.001414,-1.787663,-20.39686,-6.752258,-15.204746,0.025002
Mult,US,241016 08:37:49.202200,50.113712,14,69.2,54,1.148386,-0.001338,-1.788082,-20.397751,-6.752141,-15.205833,0.025002
Mult,US,241016 08:37:49.302020,50.133942,14,69.2,54,1.149313,-0.00136,-1.789954,-20.399916,-6.755828,-15.210878,0.025002
Mult,US,241016 08:37:49.401840,50.142108,14,69.2,54,1.149687,-0.001416,-1.794466,-20.399613,-6.747715,-15.216871,0.025002
Mult,US,241016 08:37:49.501660,50.122375,14,69.2,54,1.148783,-0.00112,-1.799176,-20.40036,-6.740631,-15.218459,0.025002
Mult,US,241016 08:37:49.601480,50.079612,14,69.2,54,1.146823,-0.000881,-1.801906,-20.401983,-6.742004,-15.219452,0.025002
Mult,US,241016 08:37:50.799320,50.26543,14,69.2,54,1.155349,-0.00103,-1.790921,-20.382082,-6.719307,-15.209662,0.025002
Mult,US,241016 08:37:50.899140,50.236208,14,69.2,54,1.154007,-0.000846,-1.793727,-20.380707,-6.707865,-15.201967,0.025002
Mult,US,241016 08:37:50.998960,50.220514,14,69.2,54,1.153286,-0.000705,-1.794642,-20.389824,-6.721506,-15.198964,0.025002
Mult,US,241016 08:37:51.098780,50.225452,14,69.2,54,1.153512,-0.000422,-1.793865,-20.393652,-6.732646,-15.201359,0.025002
Mult,US,241016 08:37:51.198600,50.277027,14,69.2,54,1.155883,-0.000009,-1.792171,-20.395126,-6.737051,-15.207536,0.025002
Mult,US,241016 08:37:51.298420,50.395738,14,69.2,54,1.161347,0.000119,-1.792015,-20.391956,-6.726905,-15.211071,0.025002
Mult,US,241016 08:37:51.398240,50.570932,14,69.2,54,1.169436,0.00012,-1.792251,-20.394708,-6.724942,-15.209788,0.025002
Mult,US,241016 08:37:51.498060,50.73996,14,69.2,54,1.177267,-0.000395,-1.792609,-20.396992,-6.724987,-15.207325,0.025002
Mult,US,241016 08:37:51.597880,50.851857,14,69.2,54,1.182465,-0.000879,-1.791237,-20.398482,-6.732214,-15.207361,0.025002
Mult,US,241016 08:37:51.697700,50.893833,14,69.2,54,1.184418,-0.001518,-1.791013,-20.39716,-6.728829,-15.212486,0.025002
Mult,US,241016 08:37:52.795720,50.829143,14,69.2,54,1.181409,-0.000878,-1.791017,-20.374968,-6.686443,-15.217598,0.025002
Mult,US,241016 08:37:52.895540,50.863304,14,69.2,54,1.182997,-0.00012,-1.79191,-20.374697,-6.68657,-15.229954,0.025002
Mult,US,241016 08:37:52.995360,50.855978,14,69.2,54,1.182656,0.000198,-1.790594,-20.373892,-6.686939,-15.235917,0.025002
Mult,US,241016 08:37:53.095180,50.791543,14,69.2,54,1.179661,0.000175,-1.786383,-20.37795,-6.703644,-15.230236,0.025002
Mult,US,241016 08:37:53.195000,50.677177,14,69.2,54,1.174355,-0.000418,-1.786155,-20.384141,-6.717208,-15.219669,0.025002
Mult,US,241016 08:37:53.294820,50.561967,14,69.2,54,1.169021,-0.000725,-1.786905,-20.390368,-6.729817,-15.214306,0.025002
Mult,US,241016 08:37:53.394640,50.493885,14,69.2,54,1.165875,-0.001036,-1.793345,-20.396393,-6.733434,-15.217159,0.025002
Mult,US,241016 08:37:53.494460,50.493341,14,69.2,54,1.16585,-0.001064,-1.796994,-20.399224,-6.734154,-15.22044,0.025002
Mult,US,241016 08:37:53.594280,50.541652,14,69.2,54,1.168082,-0.001128,-1.800729,-20.404013,-6.741293,-15.216607,0.025002
Mult,US,241016 08:37:53.694100,50.604512,14,69.2,54,1.17099,-0.000988,-1.796239,-20.39999,-6.745042,-15.205958,0.025002
Mult,US,241016 08:37:54.991760,50.869926,14,69.2,54,1.183305,-0.000474,-1.78054,-20.407414,-6.795388,-15.217197,0.025002
Mult,US,241016 08:37:55.091580,50.84736,14,69.2,54,1.182256,-0.000595,-1.779848,-20.407164,-6.800858,-15.211052,0.025002
Mult,US,241016 08:37:55.191400,50.811478,14,69.2,54,1.180588,-0.000785,-1.780635,-20.404623,-6.792944,-15.203847,0.025002
Mult,US,241016 08:37:55.291220,50.766174,14,69.2,54,1.178483,-0.000889,-1.783133,-20.400664,-6.774143,-15.201432,0.025002
Mult,US,241016 08:37:55.391040,50.707707,14,69.2,54,1.17577,-0.001232,-1.785302,-20.395659,-6.752219,-15.205209,0.025002
Mult,US,241016 08:37:55.490860,50.631748,14,69.2,54,1.17225,-0.001302,-1.788114,-20.387641,-6.727654,-15.211835,0.025002
Mult,US,241016 08:37:55.590680,50.522654,14,69.2,54,1.167204,-0.001127,-1.788709,-20.382826,-6.716092,-15.214352,0.025002
Mult,US,241016 08:37:55.690500,50.372205,14,69.2,54,1.160263,-0.000821,-1.789662,-20.373989,-6.69132,-15.210534,0.025002
Mult,US,241016 08:37:55.790320,50.210391,14,69.2,54,1.152821,-0.000491,-1.788336,-20.373644,-6.694361,-15.205281,0.025002
Mult,US,241016 08:37:55.890140,50.119059,14,69.2,54,1.148631,-0.000267,-1.790606,-20.373502,-6.688577,-15.202274,0.025002
Mult,US,241016 08:37:57.187800,49.929291,14,69.2,54,1.139949,-0.001896,-1.784056,-20.393931,-6.765764,-15.188406,0.025002
Mult,US,241016 08:37:57.287620,50.052598,14,69.2,54,1.145586,-0.001699,-1.784141,-20.390088,-6.751393,-15.191435,0.025002
Mult,US,241016 08:37:57.387440,50.147151,14,69.2,54,1.149919,-0.001104,-1.78375,-20.388402,-6.745196,-15.200119,0.025002
Mult,US,241016 08:37:57.487260,50.177298,14,69.2,54,1.151302,-0.000945,-1.784284,-20.391539,-6.754865,-15.206354,0.025002
Mult,US,241016 08:37:57.587080,50.163343,14,69.2,54,1.150661,-0.000834,-1.783091,-20.39199,-6.765423,-15.210995,0.025002
Mult,US,241016 08:37:57.686900,50.136497,14,69.2,54,1.14943,-0.000769,-1.781984,-20.390233,-6.763303,-15.209472,0.025002
Mult,US,241016 08:37:57.786720,50.114605,14,69.2,54,1.148426,-0.000335,-1.781258,-20.385597,-6.749507,-15.209362,0.025002
Mult,US,241016 08:37:57.886540,50.100504,14,69.2,54,1.14778,0.000064,-1.782217,-20.383462,-6.74054,-15.207372,0.025002
Mult,US,241016 08:37:57.986360,50.091038,14,69.2,54,1.147347,0.000454,-1.785298,-20.385246,-6.742078,-15.207932,0.025002
Mult,US,241016 08:37:58.086180,50.083475,14,69.2,54,1.147,0.000593,-1.789351,-20.389405,-6.750786,-15.205802,0.025002
Mult,US,241016 08:39:42.797360,50.943635,14,69.2,54,1.186737,-0.000633,-1.352433,-20.182769,-6.141758,-30.329711,0.025002
Mult,US,241016 08:39:42.897180,50.968502,14,69.2,54,1.187896,-0.001096,-1.354316,-20.191332,-6.164107,-30.32195,0.025002
Mult,US,241016 08:39:42.997000,50.957057,14,69.2,54,1.187362,-0.001251,-1.359027,-20.191653,-6.16488,-30.315979,0.025002
Mult,US,241016 08:39:43.096820,50.890959,14,69.2,54,1.184284,-0.001227,-1.358634,-20.187372,-6.162908,-30.30541,0.025002
Mult,US,241016 08:39:43.196640,50.79655,14,69.2,54,1.179894,-0.001051,-1.355364,-20.17975,-6.1504,-30.302797,0.025002
Mult,US,241016 08:39:43.296460,50.712568,14,69.2,54,1.175996,-0.001202,-1.35415,-20.179083,-6.148101,-30.305214,0.025002
Mult,US,241016 08:39:43.396280,50.665081,14,69.2,54,1.173794,-0.001151,-1.352976,-20.18137,-6.152885,-30.312444,0.025002
Mult,US,241016 08:39:43.496100,50.65382,14,69.2,54,1.173273,-0.00106,-1.350001,-20.189911,-6.169003,-30.31211,0.025002
Mult,US,241016 08:39:43.595920,50.648377,14,69.2,54,1.173021,-0.000905,-1.345473,-20.199664,-6.192805,-30.308121,0.025002
Mult,US,241016 08:39:43.695740,50.607952,14,69.2,54,1.171149,-0.001108,-1.344143,-20.208104,-6.204313,-30.303154,0.025002
Mult,US,241016 08:39:45.093220,50.615959,14,69.2,54,1.171519,-0.000049,-1.341789,-20.209904,-6.209337,-30.321511,0.025002
Mult,US,241016 08:39:45.193040,50.639762,14,69.2,54,1.172622,0.000087,-1.340534,-20.21096,-6.212392,-30.319686,0.025002
Mult,US,241016 08:39:45.292860,50.698521,14,69.2,54,1.175344,0.000377,-1.341993,-20.206427,-6.201802,-30.316942,0.025002
Mult,US,241016 08:39:45.392680,50.772194,14,69.2,54,1.178763,0.000582,-1.344537,-20.198283,-6.184204,-30.315208,0.025002
Mult,US,241016 08:39:45.492500,50.824738,14,69.2,54,1.181204,0.000413,-1.345672,-20.190644,-6.169164,-30.315617,0.025002
Mult,US,241016 08:39:45.592320,50.837571,14,69.2,54,1.1818,-0.000118,-1.345107,-20.185778,-6.160843,-30.320776,0.025002
Mult,US,241016 08:39:45.692140,50.813417,14,69.2,54,1.180678,-0.000552,-1.342007,-20.189446,-6.175351,-30.326477,0.025002
Mult,US,241016 08:39:45.791960,50.757119,14,69.2,54,1.178063,-0.000945,-1.340418,-20.19427,-6.190003,-30.329425,0.025002
Mult,US,241016 08:39:45.891780,50.66355,14,69.2,54,1.173723,-0.00088,-1.338645,-20.198294,-6.201409,-30.328222,0.025002
Mult,US,241016 08:39:45.991600,50.519668,14,69.2,54,1.167066,-0.000746,-1.339495,-20.195909,-6.194139,-30.325273,0.025002
Mult,US,241016 08:39:47.289260,50.799208,14,69.2,54,1.180017,-0.001627,-1.345194,-20.189366,-6.184318,-30.305564,0.025002
Mult,US,241016 08:39:47.389080,50.737163,14,69.2,54,1.177137,-0.001315,-1.344969,-20.193428,-6.196006,-30.312342,0.025002
Mult,US,241016 08:39:47.488900,50.637113,14,69.2,54,1.172499,-0.000707,-1.340865,-20.199181,-6.213102,-30.320412,0.025002
Mult,US,241016 08:39:47.588720,50.545862,14,69.2,54,1.168277,-0.000107,-1.337338,-20.201002,-6.21762,-30.326643,0.025002
Mult,US,241016 08:39:47.688540,50.520248,14,69.2,54,1.167093,-0.000138,-1.336074,-20.201489,-6.214839,-30.325937,0.025002
Mult,US,241016 08:39:47.788360,50.597793,14,69.2,54,1.170679,-0.000435,-1.336551,-20.202557,-6.211251,-30.322391,0.025002
Mult,US,241016 08:39:47.888180,50.749729,14,69.2,54,1.17772,-0.000864,-1.339257,-20.202199,-6.202518,-30.317732,0.025002
Mult,US,241016 08:39:47.988000,50.882438,14,69.2,54,1.183887,-0.000848,-1.341717,-20.204294,-6.206181,-30.31715,0.025002
Mult,US,241016 08:39:48.087820,50.926243,14,69.2,54,1.185927,-0.000769,-1.345505,-20.204399,-6.207816,-30.314225,0.025002
Mult,US,241016 08:39:48.187640,50.859871,14,69.2,54,1.182837,-0.000563,-1.347957,-20.203611,-6.206541,-30.313428,0.025002
Mult,US,241016 08:39:49.485300,50.674563,14,69.2,54,1.174234,0.000227,-1.345466,-20.183385,-6.172968,-30.305026,0.025002
Mult,US,241016 08:39:49.585120,50.627242,14,69.2,54,1.172042,0.000478,-1.345407,-20.184747,-6.175586,-30.311328,0.025002
Mult,US,241016 08:39:49.684940,50.601793,14,69.2,54,1.170864,0.000335,-1.347087,-20.182772,-6.171103,-30.314984,0.025002
Mult,US,241016 08:39:49.784760,50.600452,14,69.2,54,1.170802,0.000132,-1.348119,-20.189387,-6.18837,-30.31161,0.025002
Mult,US,241016 08:39:49.884580,50.636522,14,69.2,54,1.172471,-0.000264,-1.34728,-20.193236,-6.202845,-30.309786,0.025002
Mult,US,241016 08:39:49.984400,50.714488,14,69.2,54,1.176085,-0.00042,-1.343895,-20.204244,-6.231782,-30.310619,0.025002
Mult,US,241016 08:39:50.084220,50.816695,14,69.2,54,1.18083,-0.000396,-1.343009,-20.207408,-6.24372,-30.317155,0.025002
Mult,US,241016 08:39:50.184040,50.919736,14,69.2,54,1.185624,-0.000322,-1.346967,-20.207632,-6.24326,-30.316156,0.025002
Mult,US,241016 08:39:50.283860,51.013128,14,69.2,54,1.189977,-0.000422,-1.353689,-20.202252,-6.230995,-30.314713,0.025002
Mult,US,241016 08:39:50.383680,51.097048,14,69.2,54,1.193895,-0.00048,-1.356616,-20.195342,-6.212001,-30.309876,0.025002
Mult,US,241016 08:39:51.781160,50.369852,14,69.2,54,1.160155,0.000065,-1.350038,-20.190819,-6.170372,-30.31191,0.025002
Mult,US,241016 08:39:51.880980,50.351488,14,69.2,54,1.159309,-0.000106,-1.355696,-20.184824,-6.158204,-30.309719,0.025002
Mult,US,241016 08:39:51.980800,50.360339,14,69.2,54,1.159717,-0.000297,-1.356402,-20.185243,-6.156914,-30.311125,0.025002
Mult,US,241016 08:39:52.080620,50.413832,14,69.2,54,1.162182,-0.000277,-1.356859,-20.187391,-6.15377,-30.311549,0.025002
Mult,US,241016 08:39:52.180440,50.519187,14,69.2,54,1.167044,-0.0002,-1.354812,-20.190518,-6.154595,-30.312195,0.025002
Mult,US,241016 08:39:52.280260,50.648025,14,69.2,54,1.173004,-0.000355,-1.349942,-20.195436,-6.168635,-30.307784,0.025002
Mult,US,241016 08:39:52.380080,50.756173,14,69.2,54,1.178019,-0.000483,-1.344335,-20.20038,-6.186801,-30.300122,0.025002
Mult,US,241016 08:39:52.479900,50.819673,14,69.2,54,1.180968,-0.00038,-1.338299,-20.202977,-6.199563,-30.296793,0.025002
Mult,US,241016 08:39:52.579720,50.83662,14,69.2,54,1.181756,-0.000317,-1.337138,-20.202147,-6.201866,-30.299715,0.025002
Mult,US,241016 08:39:52.679540,50.810235,14,69.2,54,1.18053,-0.000569,-1.33945,-20.201522,-6.200499,-30.308566,0.025002
Mult,US,241016 08:39:53.977200,50.842969,14,69.2,54,1.182051,-0.000822,-1.344198,-20.204476,-6.203566,-30.33234,0.025002
Mult,US,241016 08:39:54.077020,50.842451,14,69.2,54,1.182027,-0.001132,-1.340172,-20.20089,-6.19464,-30.325835,0.025002
Mult,US,241016 08:39:54.176840,50.860909,14,69.2,54,1.182886,-0.001243,-1.338291,-20.200211,-6.200715,-30.318557,0.025002
Mult,US,241016 08:39:54.276660,50.925204,14,69.2,54,1.185878,-0.001393,-1.336532,-20.201095,-6.203745,-30.317566,0.025002
Mult,US,241016 08:39:54.376480,51.037788,14,69.2,54,1.191127,-0.001127,-1.337588,-20.204216,-6.208565,-30.323678,0.025002
Mult,US,241016 08:39:54.476300,51.149254,14,69.2,54,1.196336,-0.000974,-1.338975,-20.20463,-6.199142,-30.33177,0.025002
Mult,US,241016 08:39:54.576120,51.188853,14,69.2,54,1.198189,-0.000674,-1.340515,-20.200919,-6.182246,-30.331389,0.025002
Mult,US,241016 08:39:54.675940,51.121186,14,69.2,54,1.195023,-0.000508,-1.340826,-20.194515,-6.173575,-30.324606,0.025002
Mult,US,241016 08:39:54.775760,50.959382,14,69.2,54,1.187471,-0.000424,-1.338977,-20.192255,-6.182096,-30.316874,0.025002
Mult,US,241016 08:39:54.875580,50.787386,14,69.2,54,1.179468,-0.000426,-1.338246,-20.193199,-6.204134,-30.315735,0.025002
Mult,US,241016 08:39:56.073420,50.543124,14,69.2,54,1.16815,-0.000212,-1.33653,-20.207717,-6.205869,-30.315368,0.025002
Mult,US,241016 08:39:56.173240,50.465023,14,69.2,54,1.164543,-0.000216,-1.33403,-20.210826,-6.216081,-30.314024,0.025002
Mult,US,241016 08:39:56.273060,50.389006,14,69.2,54,1.161037,-0.000521,-1.334382,-20.207563,-6.207202,-30.315681,0.025002
Mult,US,241016 08:39:56.372880,50.371228,14,69.2,54,1.160218,-0.000787,-1.340509,-20.204665,-6.193858,-30.322454,0.025002
Mult,US,241016 08:39:56.472700,50.450084,14,69.2,54,1.163854,-0.001034,-1.344856,-20.204198,-6.189734,-30.322372,0.025002
Mult,US,241016 08:39:56.572520,50.621018,14,69.2,54,1.171754,-0.001221,-1.344957,-20.206107,-6.200302,-30.318838,0.025002
Mult,US,241016 08:39:56.672340,50.799824,14,69.2,54,1.180046,-0.001144,-1.34097,-20.206842,-6.212791,-30.311065,0.025002
Mult,US,241016 08:39:56.772160,50.905439,14,69.2,54,1.184958,-0.000994,-1.335949,-20.207285,-6.22776,-30.307297,0.025002
Mult,US,241016 08:39:56.871980,50.905658,14,69.2,54,1.184968,-0.000581,-1.332788,-20.209742,-6.240813,-30.307589,0.025002
Mult,US,241016 08:39:56.971800,50.826744,14,69.2,54,1.181297,-0.000494,-1.33204,-20.210324,-6.241475,-30.308793,0.025002
Mult,US,241016 08:39:58.269460,50.37992,14,69.2,54,1.160619,-0.000508,-1.335069,-20.221563,-6.246268,-30.318945,0.025002
Mult,US,241016 08:39:58.369280,50.323154,14,69.2,54,1.158005,-0.000426,-1.334597,-20.217484,-6.229752,-30.317814,0.025002
Mult,US,241016 08:39:58.469100,50.292905,14,69.2,54,1.156613,-0.000929,-1.338905,-20.206614,-6.197372,-30.308797,0.025002
Mult,US,241016 08:39:58.568920,50.325322,14,69.2,54,1.158104,-0.00137,-1.344802,-20.194545,-6.165761,-30.302875,0.025002
Mult,US,241016 08:39:58.668740,50.444862,14,69.2,54,1.163613,-0.001777,-1.347613,-20.190605,-6.158334,-30.303646,0.025002
Mult,US,241016 08:39:58.768560,50.637303,14,69.2,54,1.172508,-0.001851,-1.343513,-20.196909,-6.182369,-30.312306,0.025002
Mult,US,241016 08:39:58.868380,50.818256,14,69.2,54,1.180903,-0.001528,-1.338121,-20.198054,-6.200903,-30.31519,0.025002
Mult,US,241016 08:39:58.968200,50.923205,14,69.2,54,1.185785,-0.000746,-1.332229,-20.197878,-6.206755,-30.315418,0.025002
Mult,US,241016 08:39:59.068020,50.928123,14,69.2,54,1.186014,0.000065,-1.330648,-20.194126,-6.195678,-30.311415,0.025002
Mult,US,241016 08:39:59.167840,50.869481,14,69.2,54,1.183284,0.000324,-1.333447,-20.197876,-6.184188,-30.31241,0.025002
Mult,US,241016 08:40:00.565320,50.811144,14,69.2,54,1.180572,-0.000656,-1.334635,-20.205746,-6.244346,-30.309944,0.025002
Mult,US,241016 08:40:00.665140,50.696119,14,69.2,54,1.175233,-0.001049,-1.336621,-20.20214,-6.225942,-30.317023,0.025002
Mult,US,241016 08:40:00.764960,50.632187,14,69.2,54,1.172271,-0.001233,-1.33892,-20.201744,-6.204776,-30.321074,0.025002
Mult,US,241016 08:40:00.864780,50.646876,14,69.2,54,1.172951,-0.001369,-1.341519,-20.205303,-6.187004,-30.318779,0.025002
Mult,US,241016 08:40:00.964600,50.718754,14,69.2,54,1.176283,-0.001164,-1.341331,-20.209958,-6.188905,-30.311802,0.025002
Mult,US,241016 08:40:01.064420,50.808277,14,69.2,54,1.180439,-0.000902,-1.342077,-20.211289,-6.193817,-30.306193,0.025002
Mult,US,241016 08:40:01.164240,50.892876,14,69.2,54,1.184373,-0.000558,-1.343506,-20.206668,-6.190197,-30.303207,0.025002
Mult,US,241016 08:40:01.264060,50.971968,14,69.2,54,1.188057,-0.00033,-1.344668,-20.201861,-6.183815,-30.309485,0.025002
Mult,US,241016 08:40:01.363880,51.040676,14,69.2,54,1.191262,-0.000189,-1.346789,-20.197545,-6.172439,-30.317617,0.025002
Mult,US,241016 08:40:01.463700,51.083278,14,69.2,54,1.193252,0.000031,-1.348221,-20.196724,-6.17078,-30.328597,0.025002
Mult,US,241016 08:40:02.761360,50.400585,14,69.2,54,1.161571,-0.000075,-1.33139,-20.200828,-6.218909,-30.311783,0.025002
Mult,US,241016 08:40:02.861180,50.434237,14,69.2,54,1.163123,-0.000514,-1.328711,-20.200699,-6.229084,-30.31524,0.025002
Mult,US,241016 08:40:02.961000,50.498444,14,69.2,54,1.166086,-0.000959,-1.327552,-20.201033,-6.234152,-30.326118,0.025002
Mult,US,241016 08:40:03.060820,50.595412,14,69.2,54,1.170569,-0.001533,-1.330695,-20.196152,-6.215536,-30.329793,0.025002
Mult,US,241016 08:40:03.160640,50.70706,14,69.2,54,1.17574,-0.001913,-1.334366,-20.193246,-6.199965,-30.331064,0.025002
Mult,US,241016 08:40:03.260460,50.8186,14,69.2,54,1.180919,-0.001646,-1.337371,-20.190772,-6.188506,-30.325368,0.025002
Mult,US,241016 08:40:03.360280,50.924624,14,69.2,54,1.185851,-0.001252,-1.336514,-20.192293,-6.188862,-30.321675,0.025002
Mult,US,241016 08:40:03.460100,51.029131,14,69.2,54,1.190723,-0.000961,-1.335125,-20.195582,-6.194982,-30.315635,0.025002
Mult,US,241016 08:40:03.559920,51.12534,14,69.2,54,1.195218,-0.001023,-1.335157,-20.195677,-6.193415,-30.312148,0.025002
Mult,US,241016 08:40:03.659740,51.200244,14,69.2,54,1.198722,-0.000998,-1.337286,-20.195524,-6.190487,-30.3087,0.025002
Mult,US,241016 08:42:15.821420,64.357286,14,69.2,54,1.893957,0.000034,-2.182981,-20.519271,-7.183024,-0.282166,0.025002
Mult,US,241016 08:42:15.921240,64.360492,14,69.2,54,1.894145,0.000022,-2.184148,-20.501058,-7.133915,-0.283065,0.025002
Mult,US,241016 08:42:16.021060,64.339262,14,69.2,54,1.892896,-0.000067,-2.185733,-20.482165,-7.062143,-0.231793,0.025002
Mult,US,241016 08:42:16.120880,64.332875,14,69.2,54,1.89252,-0.000069,-2.185624,-20.481093,-7.044406,-0.127899,0.025002
Mult,US,241016 08:42:16.220700,64.364345,14,69.2,54,1.894372,-0.000368,-2.185541,-20.495076,-7.074076,-0.055392,0.025002
Mult,US,241016 08:42:16.320520,64.430281,14,69.2,54,1.898255,-0.000819,-2.183853,-20.513936,-7.132902,-0.02949,0.025002
Mult,US,241016 08:42:16.420340,64.471102,14,69.2,54,1.900661,-0.00134,-2.183876,-20.521942,-7.163343,-0.053224,0.025002
Mult,US,241016 08:42:16.520160,64.432476,14,69.2,54,1.898385,-0.001552,-2.186411,-20.521393,-7.157736,-0.090512,0.025002
Mult,US,241016 08:42:16.619980,64.284705,14,69.2,54,1.889687,-0.001708,-2.192033,-20.514653,-7.129073,-0.116058,0.025002
Mult,US,241016 08:42:16.719800,64.083437,14,69.2,54,1.877873,-0.001866,-2.195069,-20.51619,-7.130668,-0.118653,0.025002
Mult,US,241016 08:42:19.315120,63.950795,14,69.2,54,1.870107,-0.001322,-2.178118,-20.509099,-7.13801,-0.144442,0.025002
Mult,US,241016 08:42:19.414940,64.006951,14,69.2,54,1.873393,-0.000846,-2.179578,-20.509602,-7.147951,-0.085732,0.025002
Mult,US,241016 08:42:19.514760,64.010005,14,69.2,54,1.873572,-0.000454,-2.180129,-20.513588,-7.172595,-0.048806,0.025002
Mult,US,241016 08:42:19.614580,63.975274,14,69.2,54,1.871539,-0.000038,-2.18175,-20.510076,-7.159032,-0.002469,0.025002
Mult,US,241016 08:42:19.714400,63.916602,14,69.2,54,1.868108,0.000437,-2.180968,-20.506873,-7.139165,0.003375,0.025002
Mult,US,241016 08:42:19.814220,63.836738,14,69.2,54,1.863442,0.000736,-2.181689,-20.498745,-7.092105,0.023651,0.025002
Mult,US,241016 08:42:19.914040,63.739159,14,69.2,54,1.85775,0.000829,-2.18123,-20.502993,-7.097515,-0.012932,0.025002
Mult,US,241016 08:42:20.013860,63.639124,14,69.2,54,1.851923,0.000554,-2.181032,-20.504718,-7.105535,-0.058191,0.025002
Mult,US,241016 08:42:20.113680,63.55087,14,69.2,54,1.84679,0.000503,-2.180291,-20.514026,-7.143055,-0.107692,0.025002
Mult,US,241016 08:42:20.213500,63.478955,14,69.2,54,1.842613,0.000366,-2.179037,-20.516212,-7.148847,-0.100039,0.025002
Mult,US,241016 08:42:21.511160,63.98843,14,69.2,54,1.872309,-0.001093,-2.177766,-20.517383,-7.174469,-0.098807,0.025002
Mult,US,241016 08:42:21.610980,64.039809,14,69.2,54,1.875317,-0.001147,-2.17727,-20.506329,-7.126824,-0.08587,0.025002
Mult,US,241016 08:42:21.710800,64.089225,14,69.2,54,1.878212,-0.001075,-2.180987,-20.505311,-7.108939,-0.072073,0.025002
Mult,US,241016 08:42:21.810620,64.132202,14,69.2,54,1.880732,-0.000897,-2.184838,-20.508342,-7.112717,-0.084939,0.025002
Mult,US,241016 08:42:21.910440,64.133363,14,69.2,54,1.8808,-0.000931,-2.190469,-20.515747,-7.140547,-0.071452,0.025002
Mult,US,241016 08:42:22.010260,64.067038,14,69.2,54,1.876912,-0.001069,-2.192394,-20.517212,-7.147912,-0.043025,0.025002
Mult,US,241016 08:42:22.110080,63.929811,14,69.2,54,1.86888,-0.001291,-2.191769,-20.506658,-7.109582,0.001139,0.025002
Mult,US,241016 08:42:22.209900,63.782922,14,69.2,54,1.860302,-0.001075,-2.18837,-20.496173,-7.07641,0.019899,0.025002
Mult,US,241016 08:42:22.309720,63.689503,14,69.2,54,1.854856,-0.00061,-2.185137,-20.489049,-7.054812,0.006928,0.025002
Mult,US,241016 08:42:22.409540,63.67746,14,69.2,54,1.854155,-0.000052,-2.184772,-20.487367,-7.062144,-0.026575,0.025002
Mult,US,241016 08:42:23.607380,64.32965,14,69.2,54,1.89233,0.000356,-2.191166,-20.508572,-7.158019,-0.10461,0.025002
Mult,US,241016 08:42:23.707200,64.287601,14,69.2,54,1.889857,0.000254,-2.190406,-20.514531,-7.182662,-0.103075,0.025002
Mult,US,241016 08:42:23.807020,64.218701,14,69.2,54,1.885809,0.000152,-2.183865,-20.51099,-7.165353,-0.08032,0.025002
Mult,US,241016 08:42:23.906840,64.131171,14,69.2,54,1.880671,-0.000328,-2.178542,-20.505724,-7.141794,-0.043875,0.025002
Mult,US,241016 08:42:24.006660,64.041521,14,69.2,54,1.875417,-0.000821,-2.175721,-20.501457,-7.12667,-0.066784,0.025002
Mult,US,241016 08:42:24.106480,63.983085,14,69.2,54,1.871996,-0.001025,-2.177413,-20.501873,-7.131391,-0.118053,0.025002
Mult,US,241016 08:42:24.206300,63.964081,14,69.2,54,1.870884,-0.000906,-2.176884,-20.505594,-7.149959,-0.150784,0.025002
Mult,US,241016 08:42:24.306120,63.979035,14,69.2,54,1.871759,-0.000624,-2.175481,-20.507089,-7.155265,-0.123022,0.025002
Mult,US,241016 08:42:24.405940,64.002012,14,69.2,54,1.873104,-0.000241,-2.17492,-20.503319,-7.136379,-0.075245,0.025002
Mult,US,241016 08:42:24.505760,64.02681,14,69.2,54,1.874555,-0.00009,-2.178796,-20.497724,-7.109236,-0.05951,0.025002
Mult,US,241016 08:42:25.803420,64.456411,14,69.2,54,1.899795,-0.00047,-2.182107,-20.493541,-7.054661,0.029641,0.025002
Mult,US,241016 08:42:25.903240,64.461822,14,69.2,54,1.900114,-0.000309,-2.177596,-20.499955,-7.07244,0.097422,0.025002
Mult,US,241016 08:42:26.003060,64.467329,14,69.2,54,1.900439,-0.000454,-2.17748,-20.506506,-7.097316,0.080542,0.025002
Mult,US,241016 08:42:26.102880,64.479525,14,69.2,54,1.901158,-0.000632,-2.17482,-20.511397,-7.12052,-0.000529,0.025002
Mult,US,241016 08:42:26.202700,64.477736,14,69.2,54,1.901053,-0.000595,-2.174786,-20.524017,-7.155006,-0.072821,0.025002
Mult,US,241016 08:42:26.302520,64.422857,14,69.2,54,1.897818,-0.000429,-2.174358,-20.530341,-7.168698,-0.112966,0.025002
Mult,US,241016 08:42:26.402340,64.289939,14,69.2,54,1.889995,-0.000597,-2.175056,-20.531055,-7.166272,-0.146869,0.025002
Mult,US,241016 08:42:26.502160,64.096569,14,69.2,54,1.878642,-0.000867,-2.174028,-20.519595,-7.128557,-0.173806,0.025002
Mult,US,241016 08:42:26.601980,63.938009,14,69.2,54,1.869359,-0.001073,-2.175593,-20.519739,-7.136174,-0.172089,0.025002
Mult,US,241016 08:42:26.701800,63.89335,14,69.2,54,1.866749,-0.001106,-2.177811,-20.511385,-7.116629,-0.148813,0.025002
Mult,US,241016 08:42:27.799820,64.141874,14,69.2,54,1.881299,-0.005666,-2.177568,-20.510451,-7.125428,-0.048561,0.025002
Mult,US,241016 08:42:27.899640,64.205577,14,69.2,54,1.885038,-0.005432,-2.177709,-20.501278,-7.108444,-0.143766,0.025002
Mult,US,241016 08:42:27.999460,64.298499,14,69.2,54,1.890498,-0.004344,-2.180718,-20.501795,-7.115234,-0.167397,0.025002
Mult,US,241016 08:42:28.099280,64.362062,14,69.2,54,1.894238,-0.002972,-2.18399,-20.507643,-7.129037,-0.182919,0.025002
Mult,US,241016 08:42:28.199100,64.359307,14,69.2,54,1.894075,-0.002258,-2.184668,-20.52403,-7.178166,-0.194154,0.025002
Mult,US,241016 08:42:28.298920,64.293424,14,69.2,54,1.8902,-0.002261,-2.183715,-20.533991,-7.211458,-0.215679,0.025002
Mult,US,241016 08:42:28.398740,64.235727,14,69.2,54,1.886809,-0.003121,-2.179606,-20.532783,-7.21334,-0.238868,0.025002
Mult,US,241016 08:42:28.498560,64.252929,14,69.2,54,1.887819,-0.004199,-2.178592,-20.51654,-7.168879,-0.220972,0.025002
Mult,US,241016 08:42:28.598380,64.374999,14,69.2,54,1.894999,-0.005077,-2.178338,-20.507492,-7.143781,-0.211935,0.025002
Mult,US,241016 08:42:28.698200,64.553428,14,69.2,54,1.905519,-0.005139,-2.182077,-20.499559,-7.114511,-0.156026,0.025002
Mult,US,241016 08:42:29.995860,64.123296,14,69.2,54,1.880209,-0.001546,-2.180816,-20.53301,-7.210953,-0.112645,0.025002
Mult,US,241016 08:42:30.095680,64.056465,14,69.2,54,1.876292,-0.000724,-2.177769,-20.531586,-7.214807,-0.076564,0.025002
Mult,US,241016 08:42:30.195500,63.984513,14,69.2,54,1.87208,-0.00065,-2.180164,-20.525641,-7.192152,-0.058564,0.025002
Mult,US,241016 08:42:30.295320,63.905893,14,69.2,54,1.867482,-0.00054,-2.182569,-20.51121,-7.136953,-0.041652,0.025002
Mult,US,241016 08:42:30.395140,63.818603,14,69.2,54,1.862384,-0.000451,-2.188267,-20.510451,-7.119941,0.030656,0.025002
Mult,US,241016 08:42:30.494960,63.722799,14,69.2,54,1.856796,0.000116,-2.193467,-20.512719,-7.127428,0.072229,0.025002
Mult,US,241016 08:42:30.594780,63.657698,14,69.2,54,1.853004,0.000454,-2.196442,-20.516226,-7.15028,0.056764,0.025002
Mult,US,241016 08:42:30.694600,63.657291,14,69.2,54,1.852981,0.000366,-2.195453,-20.518625,-7.168761,-0.033271,0.025002
Mult,US,241016 08:42:30.794420,63.738486,14,69.2,54,1.857711,-0.000249,-2.191596,-20.515709,-7.167814,-0.0704,0.025002
Mult,US,241016 08:42:30.894240,63.853866,14,69.2,54,1.864442,-0.000655,-2.185688,-20.511957,-7.155002,-0.077056,0.025002
Mult,US,241016 08:42:31.992260,64.287531,14,69.2,54,1.889853,0.000291,-2.180839,-20.507894,-7.150745,-0.075214,0.025002
Mult,US,241016 08:42:32.092080,64.281561,14,69.2,54,1.889502,0.000572,-2.179737,-20.502379,-7.118124,-0.062972,0.025002
Mult,US,241016 08:42:32.191900,64.294312,14,69.2,54,1.890252,0.000565,-2.181225,-20.496074,-7.083191,-0.064463,0.025002
Mult,US,241016 08:42:32.291720,64.328359,14,69.2,54,1.892254,0.000561,-2.183006,-20.501082,-7.091442,-0.046509,0.025002
Mult,US,241016 08:42:32.391540,64.350819,14,69.2,54,1.893576,0.000258,-2.183649,-20.504137,-7.113658,-0.04479,0.025002
Mult,US,241016 08:42:32.491360,64.324657,14,69.2,54,1.892037,0.00003,-2.181064,-20.499921,-7.113784,-0.037734,0.025002
Mult,US,241016 08:42:32.591180,64.231256,14,69.2,54,1.886546,-0.000365,-2.178459,-20.492188,-7.105786,-0.03459,0.025002
Mult,US,241016 08:42:32.691000,64.09613,14,69.2,54,1.878617,-0.000543,-2.17764,-20.490612,-7.102315,-0.022156,0.025002
Mult,US,241016 08:42:32.790820,63.983787,14,69.2,54,1.872037,-0.000843,-2.176807,-20.489951,-7.100759,-0.001522,0.025002
Mult,US,241016 08:42:32.890640,63.935262,14,69.2,54,1.869199,-0.000853,-2.179028,-20.498083,-7.107251,0.011946,0.025002
Mult,US,241016 08:42:34.088480,64.383828,14,69.2,54,1.895519,-0.001282,-2.183219,-20.540974,-7.2455,-0.073026,0.025002
Mult,US,241016 08:42:34.188300,64.219165,14,69.2,54,1.885836,-0.00086,-2.186725,-20.539708,-7.239798,-0.035407,0.025002
Mult,US,241016 08:42:34.288120,64.08878,14,69.2,54,1.878186,-0.000525,-2.188467,-20.536024,-7.221668,0.016756,0.025002
Mult,US,241016 08:42:34.387940,64.025168,14,69.2,54,1.874459,-0.000222,-2.189766,-20.51411,-7.1465,0.037474,0.025002
Mult,US,241016 08:42:34.487760,64.01289,14,69.2,54,1.87374,-0.000188,-2.191009,-20.496286,-7.087965,0.017173,0.025002
Mult,US,241016 08:42:34.587580,64.007163,14,69.2,54,1.873405,-0.000186,-2.19241,-20.48124,-7.040402,-0.040451,0.025002
Mult,US,241016 08:42:34.687400,63.970511,14,69.2,54,1.87126,-0.000204,-2.191997,-20.493848,-7.078088,-0.109889,0.025002
Mult,US,241016 08:42:34.787220,63.891896,14,69.2,54,1.866664,0.000264,-2.189775,-20.509819,-7.120108,-0.181433,0.025002
Mult,US,241016 08:42:34.887040,63.797125,14,69.2,54,1.86113,0.000783,-2.18658,-20.53449,-7.190808,-0.207723,0.025002
Mult,US,241016 08:42:34.986860,63.752426,14,69.2,54,1.858523,0.001133,-2.186725,-20.541479,-7.203865,-0.170301,0.025002
Mult,US,241016 08:42:36.284520,63.458084,14,69.2,54,1.841401,-0.000607,-2.184045,-20.535738,-7.173326,-0.048719,0.025002
Mult,US,241016 08:42:36.384340,63.309337,14,69.2,54,1.832779,-0.00043,-2.184444,-20.539045,-7.179597,-0.036969,0.025002
Mult,US,241016 08:42:36.484160,63.253483,14,69.2,54,1.829546,-0.00016,-2.182032,-20.532742,-7.166186,-0.028504,0.025002
Mult,US,241016 08:42:36.583980,63.316914,14,69.2,54,1.833218,0.000029,-2.181274,-20.521874,-7.136666,-0.03205,0.025002
Mult,US,241016 08:42:36.683800,63.464733,14,69.2,54,1.841787,0.00016,-2.181322,-20.510453,-7.104616,-0.072827,0.025002
Mult,US,241016 08:42:36.783620,63.673339,14,69.2,54,1.853915,0.000193,-2.183838,-20.508353,-7.101621,-0.101015,0.025002
Mult,US,241016 08:42:36.883440,63.935801,14,69.2,54,1.86923,-0.000014,-2.18556,-20.513296,-7.127045,-0.095827,0.025002
Mult,US,241016 08:42:36.983260,64.256315,14,69.2,54,1.888018,-0.000383,-2.186478,-20.517038,-7.141651,-0.06659,0.025002
Mult,US,241016 08:42:37.083080,64.559195,14,69.2,54,1.905859,-0.00093,-2.184947,-20.518506,-7.148633,-0.039467,0.025002
Mult,US,241016 08:42:37.182900,64.727735,14,69.2,54,1.915823,-0.001223,-2.183644,-20.517955,-7.140229,-0.022533,0.025002
Mult,US,241016 08:44:36.168340,65.482911,14,69.2,54,1.960787,0.000161,-1.656815,-20.385163,-6.740128,-15.091438,0.025002
Mult,US,241016 08:44:36.268160,65.622619,14,69.2,54,1.969163,0.000484,-1.657887,-20.388975,-6.754805,-15.072316,0.025002
Mult,US,241016 08:44:36.367980,65.729546,14,69.2,54,1.975585,0.000202,-1.654907,-20.390196,-6.769257,-15.057462,0.025002
Mult,US,241016 08:44:36.467800,65.809414,14,69.2,54,1.980389,-0.000603,-1.655533,-20.384558,-6.760639,-15.067508,0.025002
Mult,US,241016 08:44:36.567620,65.852637,14,69.2,54,1.982992,-0.001412,-1.652123,-20.379036,-6.7493,-15.084484,0.025002
Mult,US,241016 08:44:36.667440,65.85026,14,69.2,54,1.982849,-0.001625,-1.650749,-20.381166,-6.752961,-15.089018,0.025002
Mult,US,241016 08:44:36.767260,65.802015,14,69.2,54,1.979944,-0.001219,-1.650755,-20.38497,-6.757507,-15.078684,0.025002
Mult,US,241016 08:44:36.867080,65.730624,14,69.2,54,1.97565,-0.000795,-1.653018,-20.388372,-6.76615,-15.066948,0.025002
Mult,US,241016 08:44:36.966900,65.652597,14,69.2,54,1.970963,-0.00079,-1.657419,-20.391743,-6.774371,-15.062845,0.025002
Mult,US,241016 08:44:37.066720,65.574476,14,69.2,54,1.966275,-0.000794,-1.660289,-20.394869,-6.776076,-15.063316,0.025002
Mult,US,241016 08:44:38.364380,65.283009,14,69.2,54,1.948834,-0.000686,-1.661933,-20.358102,-6.668177,-15.018064,0.025002
Mult,US,241016 08:44:38.464200,65.396384,14,69.2,54,1.955609,-0.000854,-1.665316,-20.35728,-6.663941,-15.00848,0.025002
Mult,US,241016 08:44:38.564020,65.577992,14,69.2,54,1.966486,-0.000932,-1.663371,-20.369212,-6.682641,-15.008432,0.025002
Mult,US,241016 08:44:38.663840,65.781191,14,69.2,54,1.978691,-0.000769,-1.659096,-20.380141,-6.703744,-15.023906,0.025002
Mult,US,241016 08:44:38.763660,65.913834,14,69.2,54,1.986679,-0.00036,-1.652987,-20.387016,-6.727552,-15.042433,0.025002
Mult,US,241016 08:44:38.863480,65.921493,14,69.2,54,1.987141,0.000049,-1.650967,-20.382303,-6.727119,-15.054569,0.025002
Mult,US,241016 08:44:38.963300,65.804678,14,69.2,54,1.980104,0.000241,-1.650891,-20.376313,-6.713354,-15.050964,0.025002
Mult,US,241016 08:44:39.063120,65.643543,14,69.2,54,1.970419,-0.000029,-1.654002,-20.370534,-6.689601,-15.047824,0.025002
Mult,US,241016 08:44:39.162940,65.501221,14,69.2,54,1.961884,-0.000388,-1.658223,-20.371018,-6.681015,-15.057036,0.025002
Mult,US,241016 08:44:39.262760,65.408781,14,69.2,54,1.956351,-0.000873,-1.659558,-20.374462,-6.693476,-15.075653,0.025002
Mult,US,241016 08:44:40.660240,65.023333,14,69.2,54,1.933361,-0.000149,-1.651246,-20.364338,-6.716737,-15.048949,0.025002
Mult,US,241016 08:44:40.760060,65.277011,14,69.2,54,1.948476,-0.000509,-1.646935,-20.380832,-6.759913,-15.069168,0.025002
Mult,US,241016 08:44:40.859880,65.534209,14,69.2,54,1.963861,-0.001152,-1.645663,-20.389369,-6.773598,-15.089727,0.025002
Mult,US,241016 08:44:40.959700,65.70614,14,69.2,54,1.974179,-0.000888,-1.647718,-20.387647,-6.756679,-15.103312,0.025002
Mult,US,241016 08:44:41.059520,65.737422,14,69.2,54,1.976059,-0.000372,-1.655338,-20.371814,-6.698974,-15.100146,0.025002
Mult,US,241016 08:44:41.159340,65.656189,14,69.2,54,1.971178,0.000462,-1.659357,-20.359984,-6.667185,-15.085182,0.025002
Mult,US,241016 08:44:41.259160,65.56668,14,69.2,54,1.965807,0.000971,-1.661121,-20.348094,-6.63791,-15.064456,0.025002
Mult,US,241016 08:44:41.358980,65.559511,14,69.2,54,1.965377,0.001147,-1.65566,-20.354576,-6.670031,-15.049169,0.025002
Mult,US,241016 08:44:41.458800,65.669408,14,69.2,54,1.971972,0.000766,-1.652017,-20.362435,-6.696414,-15.035117,0.025002
Mult,US,241016 08:44:41.558620,65.847313,14,69.2,54,1.982671,0.000089,-1.648392,-20.374578,-6.730309,-15.039454,0.025002
Mult,US,241016 08:44:42.956100,65.191301,14,69.2,54,1.943363,-0.001226,-1.653943,-20.377382,-6.713935,-15.084084,0.025002
Mult,US,241016 08:44:43.055920,65.062532,14,69.2,54,1.935693,-0.000805,-1.65679,-20.372509,-6.69463,-15.082386,0.025002
Mult,US,241016 08:44:43.155740,65.042935,14,69.2,54,1.934527,-0.0004,-1.656385,-20.372688,-6.69899,-15.066382,0.025002
Mult,US,241016 08:44:43.255560,65.181885,14,69.2,54,1.942801,-0.000404,-1.65716,-20.366659,-6.689747,-15.04945,0.025002
Mult,US,241016 08:44:43.355380,65.437873,14,69.2,54,1.958091,-0.000426,-1.650631,-20.372239,-6.725164,-15.04603,0.025002
Mult,US,241016 08:44:43.455200,65.692588,14,69.2,54,1.973364,-0.000819,-1.646304,-20.379469,-6.756742,-15.051933,0.025002
Mult,US,241016 08:44:43.555020,65.869112,14,69.2,54,1.983984,-0.000913,-1.64145,-20.389513,-6.792316,-15.062458,0.025002
Mult,US,241016 08:44:43.654840,65.946504,14,69.2,54,1.988649,-0.000679,-1.644881,-20.388258,-6.784863,-15.066229,0.025002
Mult,US,241016 08:44:43.754660,65.960293,14,69.2,54,1.989481,-0.000126,-1.651037,-20.381191,-6.75494,-15.067586,0.025002
Mult,US,241016 08:44:43.854480,65.93046,14,69.2,54,1.987681,0.00036,-1.656804,-20.373776,-6.724788,-15.057803,0.025002
Mult,US,241016 08:44:45.152140,64.99513,14,69.2,54,1.931685,0.000008,-1.659743,-20.367567,-6.71143,-15.081288,0.025002
Mult,US,241016 08:44:45.251960,65.187436,14,69.2,54,1.943132,-0.000316,-1.656653,-20.369261,-6.732001,-15.077802,0.025002
Mult,US,241016 08:44:45.351780,65.317958,14,69.2,54,1.950921,-0.000941,-1.655949,-20.36765,-6.733539,-15.061791,0.025002
Mult,US,241016 08:44:45.451600,65.343893,14,69.2,54,1.952471,-0.001555,-1.656131,-20.362447,-6.721661,-15.046296,0.025002
Mult,US,241016 08:44:45.551420,65.299468,14,69.2,54,1.949817,-0.001726,-1.654844,-20.367105,-6.728695,-15.033235,0.025002
Mult,US,241016 08:44:45.651240,65.237573,14,69.2,54,1.946122,-0.001487,-1.652963,-20.376823,-6.748992,-15.029819,0.025002
Mult,US,241016 08:44:45.751060,65.191996,14,69.2,54,1.943404,-0.000608,-1.648629,-20.390655,-6.772063,-15.032273,0.025002
Mult,US,241016 08:44:45.850880,65.17479,14,69.2,54,1.942378,0.000156,-1.644091,-20.397511,-6.792814,-15.037883,0.025002
Mult,US,241016 08:44:45.950700,65.179905,14,69.2,54,1.942683,0.000652,-1.639959,-20.40069,-6.815382,-15.050172,0.025002
Mult,US,241016 08:44:46.050520,65.200368,14,69.2,54,1.943903,0.000586,-1.63929,-20.400991,-6.826853,-15.064222,0.025002
Mult,US,241016 08:44:47.448000,65.499115,14,69.2,54,1.961758,-0.000378,-1.646025,-20.395611,-6.800176,-15.087427,0.025002
Mult,US,241016 08:44:47.547820,65.536735,14,69.2,54,1.964012,-0.000596,-1.646525,-20.391159,-6.787638,-15.089902,0.025002
Mult,US,241016 08:44:47.647640,65.538321,14,69.2,54,1.964107,-0.00072,-1.645264,-20.391448,-6.783221,-15.076293,0.025002
Mult,US,241016 08:44:47.747460,65.517767,14,69.2,54,1.962875,-0.000876,-1.641107,-20.401867,-6.815019,-15.065466,0.025002
Mult,US,241016 08:44:47.847280,65.476929,14,69.2,54,1.960429,-0.00043,-1.639031,-20.408709,-6.835881,-15.057209,0.025002
Mult,US,241016 08:44:47.947100,65.428735,14,69.2,54,1.957544,-0.000214,-1.636017,-20.414283,-6.86546,-15.060443,0.025002
Mult,US,241016 08:44:48.046920,65.366075,14,69.2,54,1.953797,0.000023,-1.636828,-20.412546,-6.867102,-15.062761,0.025002
Mult,US,241016 08:44:48.146740,65.334658,14,69.2,54,1.951919,-0.000203,-1.638044,-20.412788,-6.864815,-15.060288,0.025002
Mult,US,241016 08:44:48.246560,65.377053,14,69.2,54,1.954453,-0.000376,-1.641708,-20.407394,-6.838237,-15.048051,0.025002
Mult,US,241016 08:44:48.346380,65.522819,14,69.2,54,1.963178,-0.000378,-1.644687,-20.399754,-6.795344,-15.044291,0.025002
Mult,US,241016 08:44:49.644040,65.534363,14,69.2,54,1.96387,-0.000661,-1.651251,-20.390153,-6.753753,-15.086289,0.025002
Mult,US,241016 08:44:49.743860,65.53939,14,69.2,54,1.964171,-0.000752,-1.65157,-20.395254,-6.767855,-15.097155,0.025002
Mult,US,241016 08:44:49.843680,65.527634,14,69.2,54,1.963467,-0.000276,-1.649807,-20.401705,-6.795597,-15.102315,0.025002
Mult,US,241016 08:44:49.943500,65.507787,14,69.2,54,1.962277,0.000367,-1.648701,-20.398702,-6.795804,-15.09928,0.025002
Mult,US,241016 08:44:50.043320,65.481119,14,69.2,54,1.96068,0.000718,-1.649125,-20.385712,-6.766991,-15.07783,0.025002
Mult,US,241016 08:44:50.143140,65.444794,14,69.2,54,1.958505,0.000377,-1.649854,-20.370299,-6.719618,-15.06389,0.025002
Mult,US,241016 08:44:50.242960,65.397011,14,69.2,54,1.955646,-0.000137,-1.645653,-20.372758,-6.731459,-15.062068,0.025002
Mult,US,241016 08:44:50.342780,65.327433,14,69.2,54,1.951487,-0.00094,-1.643419,-20.380054,-6.750737,-15.073689,0.025002
Mult,US,241016 08:44:50.442600,65.213721,14,69.2,54,1.9447,-0.001535,-1.640968,-20.38982,-6.788905,-15.080681,0.025002
Mult,US,241016 08:44:50.542420,65.044331,14,69.2,54,1.93461,-0.002048,-1.644434,-20.393027,-6.792988,-15.079182,0.025002
Mult,US,241016 08:44:51.840080,65.02115,14,69.2,54,1.933231,-0.000786,-1.653285,-20.371062,-6.692349,-15.101086,0.025002
Mult,US,241016 08:44:51.939900,65.082338,14,69.2,54,1.936872,-0.000695,-1.650394,-20.378158,-6.717015,-15.081081,0.025002
Mult,US,241016 08:44:52.039720,65.067263,14,69.2,54,1.935975,-0.00081,-1.650821,-20.381957,-6.730414,-15.068724,0.025002
Mult,US,241016 08:44:52.139540,65.040921,14,69.2,54,1.934407,-0.001302,-1.65124,-20.38797,-6.748938,-15.054521,0.025002
Mult,US,241016 08:44:52.239360,65.043669,14,69.2,54,1.934571,-0.00151,-1.657958,-20.383678,-6.732718,-15.057049,0.025002
Mult,US,241016 08:44:52.339180,65.111434,14,69.2,54,1.938604,-0.001733,-1.66148,-20.381854,-6.733112,-15.059954,0.025002
Mult,US,241016 08:44:52.439000,65.21601,14,69.2,54,1.944836,-0.001384,-1.665215,-20.374829,-6.718437,-15.073511,0.025002
Mult,US,241016 08:44:52.538820,65.290663,14,69.2,54,1.949291,-0.001004,-1.664447,-20.368314,-6.699431,-15.079847,0.025002
Mult,US,241016 08:44:52.638640,65.277904,14,69.2,54,1.948529,-0.000284,-1.660876,-20.365679,-6.701987,-15.088318,0.025002
Mult,US,241016 08:44:52.738460,65.169075,14,69.2,54,1.942038,0.000099,-1.657224,-20.3576,-6.689312,-15.0935,0.025002
Mult,US,241016 08:44:54.036120,65.677371,14,69.2,54,1.97245,-0.001442,-1.654873,-20.375672,-6.746095,-15.105216,0.025002
Mult,US,241016 08:44:54.135940,65.694221,14,69.2,54,1.973463,-0.001753,-1.653658,-20.383999,-6.761089,-15.080956,0.025002
Mult,US,241016 08:44:54.235760,65.631486,14,69.2,54,1.969695,-0.002072,-1.653649,-20.377842,-6.720937,-15.050455,0.025002
Mult,US,241016 08:44:54.335580,65.541123,14,69.2,54,1.964275,-0.00218,-1.650058,-20.379337,-6.710565,-15.042348,0.025002
Mult,US,241016 08:44:54.435400,65.451732,14,69.2,54,1.958921,-0.00183,-1.646985,-20.386428,-6.735271,-15.051588,0.025002
Mult,US,241016 08:44:54.535220,65.373214,14,69.2,54,1.954223,-0.001236,-1.650377,-20.392967,-6.769441,-15.075804,0.025002
Mult,US,241016 08:44:54.635040,65.311592,14,69.2,54,1.950541,-0.000568,-1.656463,-20.383357,-6.757711,-15.089624,0.025002
Mult,US,241016 08:44:54.734860,65.285528,14,69.2,54,1.948985,0.00001,-1.663664,-20.369494,-6.71741,-15.098432,0.025002
Mult,US,241016 08:44:54.834680,65.30831,14,69.2,54,1.950345,0.000155,-1.661024,-20.371291,-6.708956,-15.091608,0.025002
Mult,US,241016 08:44:54.934500,65.373924,14,69.2,54,1.954266,0.000051,-1.652856,-20.389884,-6.753142,-15.082112,0.025002
Mult,US,241016 08:44:56.232160,65.77261,14,69.2,54,1.978175,-0.000469,-1.651887,-20.354645,-6.664677,-15.054292,0.025002
Mult,US,241016 08:44:56.331980,65.667127,14,69.2,54,1.971835,-0.000385,-1.651641,-20.356401,-6.664387,-15.052572,0.025002
Mult,US,241016 08:44:56.431800,65.575376,14,69.2,54,1.966329,-0.000152,-1.650528,-20.35935,-6.675005,-15.053923,0.025002
Mult,US,241016 08:44:56.531620,65.502635,14,69.2,54,1.961969,-0.000374,-1.650388,-20.366932,-6.701413,-15.055944,0.025002
Mult,US,241016 08:44:56.631440,65.455631,14,69.2,54,1.959154,-0.000589,-1.652416,-20.374091,-6.719872,-15.055041,0.025002
Mult,US,241016 08:44:56.731260,65.428521,14,69.2,54,1.957532,-0.000667,-1.653285,-20.388346,-6.760614,-15.056247,0.025002
Mult,US,241016 08:44:56.831080,65.405591,14,69.2,54,1.95616,-0.000617,-1.651871,-20.396228,-6.780291,-15.056989,0.025002
Mult,US,241016 08:44:56.930900,65.353158,14,69.2,54,1.953025,-0.000437,-1.651022,-20.399558,-6.791848,-15.047836,0.025002
Mult,US,241016 08:44:57.030720,65.257883,14,69.2,54,1.947334,-0.000518,-1.652479,-20.397164,-6.788408,-15.043456,0.025002
Mult,US,241016 08:44:57.130540,65.120542,14,69.2,54,1.939146,-0.000542,-1.654631,-20.388375,-6.772317,-15.048148,0.025002
Mult,US,241016 08:46:12.794100,66.631592,14,69.2,54,2.030182,-0.000063,-1.214333,-20.168538,-6.175597,-29.810575,0.025002
Mult,US,241016 08:46:12.893920,66.546327,14,69.2,54,2.024989,-0.000003,-1.222039,-20.16948,-6.1827,-29.800165,0.025002
Mult,US,241016 08:46:12.993740,66.372647,14,69.2,54,2.014433,0.000062,-1.222901,-20.162614,-6.168519,-29.798558,0.025002
Mult,US,241016 08:46:13.093560,66.213272,14,69.2,54,2.00477,0.00014,-1.220598,-20.150847,-6.140768,-29.801855,0.025002
Mult,US,241016 08:46:13.193380,66.14458,14,69.2,54,2.000613,0.000158,-1.219922,-20.141296,-6.117664,-29.814362,0.025002
Mult,US,241016 08:46:13.293200,66.197869,14,69.2,54,2.003838,-0.000298,-1.216563,-20.139957,-6.109988,-29.82705,0.025002
Mult,US,241016 08:46:13.393020,66.31356,14,69.2,54,2.010848,-0.000754,-1.215489,-20.14298,-6.108359,-29.836436,0.025002
Mult,US,241016 08:46:13.492840,66.395276,14,69.2,54,2.015807,-0.001094,-1.218073,-20.14206,-6.084913,-29.83667,0.025002
Mult,US,241016 08:46:13.592660,66.385229,14,69.2,54,2.015197,-0.000867,-1.223788,-20.142955,-6.062819,-29.830642,0.025002
Mult,US,241016 08:46:13.692480,66.273409,14,69.2,54,2.008414,-0.000612,-1.231971,-20.144576,-6.050303,-29.823813,0.025002
Mult,US,241016 08:46:14.990140,65.584895,14,69.2,54,1.9669,-0.000324,-1.207683,-20.146468,-6.122684,-29.827856,0.025002
Mult,US,241016 08:46:15.089960,65.676117,14,69.2,54,1.972375,0.000678,-1.207693,-20.135116,-6.095621,-29.828261,0.025002
Mult,US,241016 08:46:15.189780,65.830248,14,69.2,54,1.981644,0.001299,-1.205338,-20.12818,-6.073139,-29.829644,0.025002
Mult,US,241016 08:46:15.289600,65.985583,14,69.2,54,1.991007,0.001172,-1.200831,-20.132521,-6.079067,-29.825414,0.025002
Mult,US,241016 08:46:15.389420,66.113011,14,69.2,54,1.998704,0.000499,-1.199142,-20.143562,-6.102257,-29.819794,0.025002
Mult,US,241016 08:46:15.489240,66.213862,14,69.2,54,2.004806,-0.00043,-1.199738,-20.153618,-6.134308,-29.817441,0.025002
Mult,US,241016 08:46:15.589060,66.2921,14,69.2,54,2.009547,-0.0013,-1.200452,-20.161163,-6.163567,-29.813278,0.025002
Mult,US,241016 08:46:15.688880,66.343694,14,69.2,54,2.012676,-0.00169,-1.200671,-20.165513,-6.179352,-29.817405,0.025002
Mult,US,241016 08:46:15.788700,66.365279,14,69.2,54,2.013986,-0.001693,-1.198774,-20.166074,-6.180558,-29.819054,0.025002
Mult,US,241016 08:46:15.888520,66.36031,14,69.2,54,2.013684,-0.001239,-1.198241,-20.165485,-6.173849,-29.822278,0.025002
Mult,US,241016 08:46:17.286000,65.850103,14,69.2,54,1.982839,-0.000432,-1.217802,-20.130234,-6.049952,-29.833261,0.025002
Mult,US,241016 08:46:17.385820,65.806045,14,69.2,54,1.980187,-0.000499,-1.212652,-20.133378,-6.063781,-29.834603,0.025002
Mult,US,241016 08:46:17.485640,65.766425,14,69.2,54,1.977803,-0.000755,-1.205813,-20.13865,-6.089679,-29.837653,0.025002
Mult,US,241016 08:46:17.585460,65.754044,14,69.2,54,1.977058,-0.001081,-1.202325,-20.139089,-6.100467,-29.840007,0.025002
Mult,US,241016 08:46:17.685280,65.767256,14,69.2,54,1.977853,-0.0012,-1.201513,-20.142917,-6.109757,-29.837806,0.025002
Mult,US,241016 08:46:17.785100,65.803626,14,69.2,54,1.980041,-0.001064,-1.202061,-20.148601,-6.11125,-29.834215,0.025002
Mult,US,241016 08:46:17.884920,65.871648,14,69.2,54,1.984137,-0.00112,-1.202574,-20.156249,-6.121802,-29.83439,0.025002
Mult,US,241016 08:46:17.984740,65.981051,14,69.2,54,1.990733,-0.001413,-1.20447,-20.160256,-6.128084,-29.83754,0.025002
Mult,US,241016 08:46:18.084560,66.115639,14,69.2,54,1.998863,-0.001654,-1.205472,-20.159125,-6.129316,-29.836714,0.025002
Mult,US,241016 08:46:18.184380,66.237898,14,69.2,54,2.006262,-0.001458,-1.2091,-20.153086,-6.105422,-29.831465,0.025002
Mult,US,241016 08:46:19.482040,65.723947,14,69.2,54,1.975249,-0.001035,-1.19808,-20.159711,-6.14876,-29.811205,0.025002
Mult,US,241016 08:46:19.581860,65.698904,14,69.2,54,1.973744,-0.000847,-1.20165,-20.153444,-6.12117,-29.819929,0.025002
Mult,US,241016 08:46:19.681680,65.670335,14,69.2,54,1.972028,-0.000442,-1.204347,-20.146606,-6.095478,-29.828039,0.025002
Mult,US,241016 08:46:19.781500,65.636567,14,69.2,54,1.97,-0.000119,-1.205339,-20.145082,-6.091269,-29.830037,0.025002
Mult,US,241016 08:46:19.881320,65.596298,14,69.2,54,1.967584,-0.000126,-1.206054,-20.148262,-6.096177,-29.827351,0.025002
Mult,US,241016 08:46:19.981140,65.567233,14,69.2,54,1.96584,-0.000314,-1.204709,-20.149169,-6.101215,-29.825,0.025002
Mult,US,241016 08:46:20.080960,65.570359,14,69.2,54,1.966028,-0.000629,-1.205378,-20.142607,-6.081262,-29.8243,0.025002
Mult,US,241016 08:46:20.180780,65.613981,14,69.2,54,1.968645,-0.00066,-1.204536,-20.131634,-6.054201,-29.82435,0.025002
Mult,US,241016 08:46:20.280600,65.682526,14,69.2,54,1.97276,-0.001038,-1.20636,-20.130629,-6.044016,-29.824337,0.025002
Mult,US,241016 08:46:20.380420,65.732014,14,69.2,54,1.975734,-0.001335,-1.206219,-20.130686,-6.043474,-29.821865,0.025002
Mult,US,241016 08:46:21.777900,66.654068,14,69.2,54,2.031552,-0.000884,-1.198227,-20.143247,-6.121849,-29.803493,0.025002
Mult,US,241016 08:46:21.877720,66.594171,14,69.2,54,2.027902,-0.000926,-1.197586,-20.143227,-6.121294,-29.799166,0.025002
Mult,US,241016 08:46:21.977540,66.493889,14,69.2,54,2.021799,-0.00084,-1.195815,-20.153051,-6.147258,-29.801525,0.025002
Mult,US,241016 08:46:22.077360,66.366543,14,69.2,54,2.014063,-0.000913,-1.193261,-20.163938,-6.17021,-29.809304,0.025002
Mult,US,241016 08:46:22.177180,66.240739,14,69.2,54,2.006434,-0.000782,-1.18957,-20.175783,-6.200442,-29.816865,0.025002
Mult,US,241016 08:46:22.277000,66.125869,14,69.2,54,1.999481,-0.000544,-1.190211,-20.173359,-6.190545,-29.821417,0.025002
Mult,US,241016 08:46:22.376820,66.025,14,69.2,54,1.993386,-0.0002,-1.19031,-20.168079,-6.181103,-29.823933,0.025002
Mult,US,241016 08:46:22.476640,65.930761,14,69.2,54,1.9877,0.000474,-1.194798,-20.155058,-6.146583,-29.823604,0.025002
Mult,US,241016 08:46:22.576460,65.868052,14,69.2,54,1.98392,0.000583,-1.195146,-20.151053,-6.136607,-29.8213,0.025002
Mult,US,241016 08:46:22.676280,65.836015,14,69.2,54,1.981991,0.00056,-1.197656,-20.148699,-6.128089,-29.819596,0.025002
Mult,US,241016 08:46:23.973940,66.517775,14,69.2,54,2.023252,0.000767,-1.201794,-20.154019,-6.124816,-29.811825,0.025002
Mult,US,241016 08:46:24.073760,66.629825,14,69.2,54,2.030074,0.000197,-1.201323,-20.148317,-6.109538,-29.81686,0.025002
Mult,US,241016 08:46:24.173580,66.593197,14,69.2,54,2.027843,-0.000901,-1.202766,-20.141775,-6.094567,-29.821021,0.025002
Mult,US,241016 08:46:24.273400,66.455641,14,69.2,54,2.019474,-0.001443,-1.200554,-20.140891,-6.097404,-29.819841,0.025002
Mult,US,241016 08:46:24.373220,66.309181,14,69.2,54,2.010582,-0.001655,-1.201904,-20.136764,-6.095088,-29.817989,0.025002
Mult,US,241016 08:46:24.473040,66.1995,14,69.2,54,2.003937,-0.001508,-1.20119,-20.136887,-6.104121,-29.81675,0.025002
Mult,US,241016 08:46:24.572860,66.139517,14,69.2,54,2.000307,-0.001442,-1.201355,-20.13458,-6.100898,-29.819487,0.025002
Mult,US,241016 08:46:24.672680,66.095231,14,69.2,54,1.997629,-0.000949,-1.194492,-20.144989,-6.125221,-29.823431,0.025002
Mult,US,241016 08:46:24.772500,66.039542,14,69.2,54,1.994264,-0.000375,-1.189626,-20.157707,-6.149543,-29.826644,0.025002
Mult,US,241016 08:46:24.872320,65.96011,14,69.2,54,1.98947,0.000313,-1.194927,-20.165842,-6.154011,-29.823693,0.025002
Mult,US,241016 08:46:26.269800,65.129525,14,69.2,54,1.939681,0.001148,-1.207531,-20.144385,-6.099437,-29.840142,0.025002
Mult,US,241016 08:46:26.369620,65.211624,14,69.2,54,1.944574,0.001162,-1.202366,-20.150083,-6.118718,-29.843099,0.025002
Mult,US,241016 08:46:26.469440,65.331503,14,69.2,54,1.951731,0.000867,-1.202545,-20.14723,-6.116368,-29.84086,0.025002
Mult,US,241016 08:46:26.569260,65.449862,14,69.2,54,1.958809,0.000638,-1.207986,-20.135666,-6.0807,-29.834575,0.025002
Mult,US,241016 08:46:26.669080,65.545408,14,69.2,54,1.964532,0.000262,-1.213366,-20.128218,-6.053078,-29.830441,0.025002
Mult,US,241016 08:46:26.768900,65.620105,14,69.2,54,1.969012,-0.000285,-1.213287,-20.128897,-6.050125,-29.829624,0.025002
Mult,US,241016 08:46:26.868720,65.672751,14,69.2,54,1.972173,-0.001058,-1.207282,-20.14121,-6.090879,-29.830488,0.025002
Mult,US,241016 08:46:26.968540,65.69783,14,69.2,54,1.973679,-0.001521,-1.203562,-20.148019,-6.118123,-29.832594,0.025002
Mult,US,241016 08:46:27.068360,65.693623,14,69.2,54,1.973427,-0.001423,-1.201721,-20.15027,-6.132238,-29.833627,0.025002
Mult,US,241016 08:46:27.168180,65.674959,14,69.2,54,1.972305,-0.000939,-1.198726,-20.150616,-6.142886,-29.833683,0.025002
Mult,US,241016 08:46:28.465840,65.753237,14,69.2,54,1.97701,-0.001558,-1.193308,-20.148999,-6.119272,-29.817466,0.025002
Mult,US,241016 08:46:28.565660,65.752988,14,69.2,54,1.976995,-0.001983,-1.189246,-20.152109,-6.12678,-29.824089,0.025002
Mult,US,241016 08:46:28.665480,65.792259,14,69.2,54,1.979357,-0.001641,-1.189254,-20.155987,-6.136398,-29.828077,0.025002
Mult,US,241016 08:46:28.765300,65.854824,14,69.2,54,1.983123,-0.001518,-1.190747,-20.15805,-6.134099,-29.822629,0.025002
Mult,US,241016 08:46:28.865120,65.941951,14,69.2,54,1.988374,-0.001207,-1.194143,-20.15876,-6.134703,-29.815613,0.025002
Mult,US,241016 08:46:28.964940,66.048963,14,69.2,54,1.994833,-0.000873,-1.19338,-20.159884,-6.142212,-29.812281,0.025002
Mult,US,241016 08:46:29.064760,66.147053,14,69.2,54,2.000763,-0.000348,-1.191927,-20.157067,-6.146671,-29.81839,0.025002
Mult,US,241016 08:46:29.164580,66.20795,14,69.2,54,2.004448,0.000114,-1.18906,-20.156689,-6.155398,-29.825279,0.025002
Mult,US,241016 08:46:29.264400,66.220085,14,69.2,54,2.005183,0.000237,-1.191672,-20.153907,-6.146326,-29.826675,0.025002
Mult,US,241016 08:46:29.364220,66.197837,14,69.2,54,2.003836,0.000032,-1.201403,-20.144806,-6.112867,-29.818317,0.025002
Mult,US,241016 08:46:30.961340,65.884245,14,69.2,54,1.984896,0.000123,-1.203736,-20.136338,-6.080699,-29.816386,0.025002
Mult,US,241016 08:46:31.061160,65.916835,14,69.2,54,1.98686,-0.000248,-1.206764,-20.13974,-6.077994,-29.815298,0.025002
Mult,US,241016 08:46:31.160980,65.937294,14,69.2,54,1.988093,-0.000871,-1.207307,-20.145496,-6.077071,-29.82046,0.025002
Mult,US,241016 08:46:31.260800,65.964603,14,69.2,54,1.989741,-0.001321,-1.208406,-20.150055,-6.077001,-29.824871,0.025002
Mult,US,241016 08:46:31.360620,66.020253,14,69.2,54,1.993099,-0.001783,-1.202783,-20.153595,-6.087516,-29.822456,0.025002
Mult,US,241016 08:46:31.460440,66.110185,14,69.2,54,1.998533,-0.001846,-1.201602,-20.158499,-6.107514,-29.816411,0.025002
Mult,US,241016 08:46:31.560260,66.200202,14,69.2,54,2.003979,-0.001695,-1.202404,-20.159872,-6.123558,-29.815698,0.025002
Mult,US,241016 08:46:31.660080,66.22353,14,69.2,54,2.005392,-0.001421,-1.205954,-20.158015,-6.125883,-29.820539,0.025002
Mult,US,241016 08:46:31.759900,66.140952,14,69.2,54,2.000394,-0.001577,-1.207152,-20.151135,-6.110387,-29.830333,0.025002
Mult,US,241016 08:46:31.859720,65.962414,14,69.2,54,1.989609,-0.001915,-1.205386,-20.147889,-6.099277,-29.834354,0.025002
Mult,US,241016 08:46:33.257200,65.345394,14,69.2,54,1.952561,-0.001027,-1.195897,-20.150837,-6.121829,-29.814079,0.025002
Mult,US,241016 08:46:33.357020,65.499216,14,69.2,54,1.961764,-0.001511,-1.200554,-20.137647,-6.079185,-29.814153,0.025002
Mult,US,241016 08:46:33.456840,65.648997,14,69.2,54,1.970746,-0.001947,-1.205386,-20.139821,-6.074263,-29.8133,0.025002
Mult,US,241016 08:46:33.556660,65.762078,14,69.2,54,1.977542,-0.001955,-1.207645,-20.150319,-6.094794,-29.813856,0.025002
Mult,US,241016 08:46:33.656480,65.838571,14,69.2,54,1.982145,-0.001571,-1.213817,-20.160205,-6.111112,-29.817929,0.025002
Mult,US,241016 08:46:33.756300,65.889295,14,69.2,54,1.9852,-0.000959,-1.21752,-20.161922,-6.114153,-29.819264,0.025002
Mult,US,241016 08:46:33.856120,65.922599,14,69.2,54,1.987207,-0.000385,-1.219984,-20.157996,-6.107817,-29.818726,0.025002
Mult,US,241016 08:46:33.955940,65.951371,14,69.2,54,1.988942,-0.000284,-1.220046,-20.149952,-6.086889,-29.814122,0.025002
Mult,US,241016 08:46:34.055760,65.978818,14,69.2,54,1.990598,-0.000381,-1.216644,-20.144463,-6.081882,-29.814209,0.025002
Mult,US,241016 08:46:34.155580,65.978723,14,69.2,54,1.990593,-0.000318,-1.214156,-20.137616,-6.066686,-29.819478,0.025002
